Influencer,Instagram,DM (copy-paste),Status
Mansi Arya,Not Found,"Hi Mansi, saw your face mask video – interested in a free Lumera kit + personal code for commissions? Let’s chat!",PENDING_MANUAL
Its me Jossuty,Not Found,"Hi Jossuty, saw your Kunjatta wedding look—interested in a free Lumera kit and a personal discount code for your followers?",PENDING_MANUAL
Mahi Chaudhary ,Not Found,"Hi Mahi, saw your flawless base tutorial – interested in a free Lumera kit and commission partnership?",PENDING_MANUAL
GlambyOmoye,Not Found,Hi! Noticed your soft glam pre‑wedding video – would you join Lumera’s ambassador kit + commission program? Let’s chat.,PENDING_MANUAL
Lavisha arora,Not Found,"Hi Lavisha, saw your budget makeup video—interested in a free Lumera kit and commission code? Let’s chat!",PENDING_MANUAL
Kashish Jain,Not Found,"Hi Kashish, saw your July 7 video – interested in a free Lumera kit and affiliate code? 😊",PENDING_MANUAL
Aanyaa,Not Found,"Hi Aanyaa, we noticed your video on skincare ingredients – would you join our ambassador program with a free kit and commission? 😊",PENDING_MANUAL
Makeup tutorial ,Not Found,Hi! Noticed your bridal makeup tutorial—interested in trying our clean skincare kit? 🌿 DM me for details.,PENDING_MANUAL
PREETI GERA,Not Found,"Hi Preeti, saw your “Which suit? A,B,C&D” video – interested in a free Lumera kit + affiliate code? 🌟",PENDING_MANUAL
Notjustarushi,Not Found,Hey! Saw your Polka dots eyess video – interested in a free Lumera kit + commission code? 😊,PENDING_MANUAL
Aastha Beauty Parlour Makeup Tutorial ,Not Found,Hi Aastha! Saw your bridal bun video – interested in a free Lumera kit + affiliate code? 😊,PENDING_MANUAL
Hannah Daniel,Not Found,"Hi Hannah, saw your night skincare routine video – would you like a free Lumera kit and commission as an ambassador?",PENDING_MANUAL
Pranav,Not Found,"Hey Pranav, saw your ZARA jacket haul – interested in a free Lumera winter kit and a personal code for commission? Let me know!",PENDING_MANUAL
Vijaya Haul Fashion's,Not Found,"Hi! We saw your ""Clearance New Stock"" video and would love to send a free Lumera kit + commission via your code 😊",PENDING_MANUAL
glam with ujala,Not Found,Hi! Noticed your Meesho suit haul – interested in a free Lumera kit and commission for your followers?,PENDING_MANUAL
Outfits Queen,Not Found,Hi! Saw your bridal lehenga video – would you like a free Lumera kit and a personal discount code for your followers?,PENDING_MANUAL
Style over 60,Not Found,Hi! Noticed your 7 Casual Fall Style Tricks video – interested in a free Lumera kit and commission code? 😊,PENDING_MANUAL
Get Ready with Me,Not Found,"Hi! Noticed your ""Okay, this was NOT the PR package I was expecting"" GRWM – interested in a free Lumera kit + affiliate code?",PENDING_MANUAL
Erica Ball Style,Not Found,"Hi Erica, saw your ""If I could give you one style tip"" video – interested in a free Lumera kit + commission code? 😊",PENDING_MANUAL
Ellie Richards,Not Found,"Hi Ellie, saw your style guide video—interested in a free Lumera kit and a personal discount code for your followers?",PENDING_MANUAL
by maren,Not Found,"Hi Maren, we saw your upcycle blazer video and think a Lumera kit would suit your style. Interested? 😊",PENDING_MANUAL
Jessica Rose Williams,https://instagram.com/jessicarosewilliams,"Hi Jessica, saw your Paris capsule video – interested in a free Lumera kit + affiliate code? 🌿",PENDING_MANUAL
Capsule Closet Stylist,Not Found,Hi! Noticed your ‘Grab a Coffee with Michelle’ video—interested in a free Lumera kit and a personal discount code for your followers?,PENDING_MANUAL
Shopping On Champagne,Not Found,"Hi Nancy, saw your “Not Ready for Boots?” video – interested in a free Lumera kit and commission code for your followers? 😊",PENDING_MANUAL
Patricia Mycyk,Not Found,"Hi Patricia, saw your “My new favourite for daily skincare” video—interested in a free Lumera kit and commission code? Let’s chat!",PENDING_MANUAL
MaryStyles,Not Found,"Hi Mary, saw your ""Effortless Elegance"" video – interested in a free Lumera kit + commission code for honest review?",PENDING_MANUAL
Style by Claire Lopez,Not Found,"Hi Claire, saw your wardrobe essential video – interested in a free Lumera kit + affiliate code for your followers?",PENDING_MANUAL
Chelsey Ceja,Not Found,"Hey Chelsey, saw your “Styling shorts with Tall Boots” video – interested in a free Lumera kit and commission code? 😊",PENDING_MANUAL
Trueselfstylist by Nathalie Neuilly,Not Found,"Hey Nathalie, noticed your Kyoto itinerary vlog—would you try Lumera’s clean skincare kit and share a discount code with your followers? 🌿",PENDING_MANUAL
Madeline Hegedus,Not Found,"Hi Madeline, saw your wardrobe declutter video – would you chat about a free Lumera kit and ambassador code? 😊",PENDING_MANUAL
"Miko PS • Watches, Men’s Style & Satire",Not Found,"Hey Miko, saw your autumn layering guide – interested in a free Lumera kit + commission code? 🌟",PENDING_MANUAL
Anastasia Gerrans,Not Found,"Hi Anastasia, saw your fall outfit formulas – interested in a free Lumera kit and commission code for your followers?",PENDING_MANUAL
Carmen Renee ,Not Found,"Hi Carmen, saw your reset‑after‑travel video – interested in a free Lumera kit and affiliate code for your followers? 😊",PENDING_MANUAL
Mrs. Charity Umar Natural Hair Care,Not Found,Hi Charity! Saw your shea butter tutorial – interested in a free Lumera kit + affiliate code? 🌿,PENDING_MANUAL
Nisha Sharma,Not Found,"Hi Nisha, saw your bridal makeup video—interested in a free Lumera kit + commission? Let me know!",PENDING_MANUAL
Zonni lifestyle ,Not Found,Hi! We saw your “Best hair oil” video and can send a free Lumera kit plus a personal code for commissions. Interested?,PENDING_MANUAL
Sofia Hair Health ,Not Found,"Hi Sofia, I noticed your “Your guide to BREAKAGE” video—could we send a free Lumera kit and set up a discount code affiliate?",PENDING_MANUAL
Abhiraé ,Not Found,"Hi Abhiraé, saw your glow routine video – interested in a free Lumera kit and affiliate code for your followers?",PENDING_MANUAL
glowwithnishita,Not Found,"Hi Nishita, saw your Festive Rush videos – interested in a free Lumera kit and commission code? Let me know!",PENDING_MANUAL
Alodia Hair Care,Not Found,"Hi! Saw your ""Because Wash Day is MY Time"" video – interested in a free kit + commission code partnership?",PENDING_MANUAL
Trulykimberley,Not Found,Hi Kimberley! Noticed your “My Hair Growth Routine” video – interested in a free Lumera kit + affiliate code? 🌿,PENDING_MANUAL
Latty_latlat,Not Found,"Hi Latty, saw your Wash Day Hack with Braids—interested in a free Lumera kit and a code for commission? Let me know!",PENDING_MANUAL
DreamGirls Hair,Not Found,"Hi! Noticed your ""Flash fall sale weekend only!"" video – interested in a free Lumera kit + commission code for your followers?",PENDING_MANUAL
REAL HUB WITH JYOTI SINHA,Not Found,"Hey Jyoti, saw your Part 5 hair routine video – would you try Lumera’s clean kit and share a discount code?",PENDING_MANUAL
Urvashi Singh,Not Found,"Hi Urvashi, noticed your “beauty empties declutter” haul – would you try a free Lumera kit and share a discount code? 😊",PENDING_MANUAL
Healthyhabits,Not Found,Hi Trishna! Interested in a free Lumera kit and affiliate code for your haircare audience? Let’s chat.,PENDING_MANUAL
Mrs. Mississippi,Not Found,Hi! Noticed your “How I Trim Knots to RETAIN LENGTH & DENSITY” video—interested in a free Lumera kit and affiliate code? 😊,PENDING_MANUAL
MANSOOR KHAN,Not Found,"Hi Mansoor, saw your “Best Hair Growth Oil” video—interested in a free Lumera kit and commission as a brand ambassador?",PENDING_MANUAL
Skin Care Routine ,Not Found,Hi! Noticed your coffee face pack video – would you try a free Lumera kit and share a discount code? 😊,PENDING_MANUAL
KryolanOfficial,Not Found,"Hi KryolanOfficial, we saw your “Cream vs Powder Blush” tutorial – interested in a free Lumera kit and affiliate code? Let’s chat!",PENDING_MANUAL
Carmen Elaine,Not Found,"Hi Carmen, saw your decluttering video – would you try a free Lumera kit and share an honest review with a commission code?",PENDING_MANUAL
Jas Lené,Not Found,"Hi Jas, saw your “Scalp massages all day every day” video—interested in a free Lumera kit and affiliate code? Let me know!",PENDING_MANUAL
Daisy Bopanna,Not Found,"Hi Daisy, saw your sunscreen video – interested in a free kit and commission as a Lumera ambassador? Let’s chat!",PENDING_MANUAL
Simone Humes ,Not Found,"Hi Simone, saw your Block Star Mousse update! Interested in a free Lumera kit and a personal discount code for your followers? 😊",PENDING_MANUAL
Haircafe,Not Found,"Hey Haircafe, saw your diet vs carnivore hair loss video—interested in a free Lumera kit and commission code? 🌟",PENDING_MANUAL
Bhavna kashyap ,Not Found,"Hi Bhavna, saw your face massage video – would you join Lumera’s ambassador program with a free kit and commission? Let me know!",PENDING_MANUAL
