name,platform,profile_url,channel_id,followers,total_videos,country,matched_keywords,bio,email,email_source,instagram,tiktok,website,engagement_rate_pct,avg_views,videos_analyzed,last_upload,recent_titles,content_themes
Mansi Arya,YouTube,https://www.youtube.com/@mansiarya14,UCvrg2Vj_F5oH_kbxybfvO_Q,37700,341,IN,skincare routine,"Content: Beauty,Vlogs,Lifestyle,Fashion, Haul 🫂Welcome to my channel 💗 - Make sure you smash that like button, turn on the those post notifications and most importantly SUBSCRIBE to my channel! 🫶🏻💗 💻Social📱 Email id: aryamansi142@gmail.com",aryamansi142@gmail.com,channel_description,Not Found,Not Found,Not Found,2.89,6402,10,2026-10-02T11:30:37Z,Face mask for sensitive or irritated skin 😱 #ashortaday #trendingshorts #shorts #skincare | Dry or dull skin try this face mask✨ #skincare #diyskincare  #youtubeshorts  #shorts | Overnight heatless curls ✨   #heatlesscurl #youtube #ytshorts #ashortaday #shorts | Monthly Maintainance Routine✨ #skincareroutine #youtubeshorts #shorts #viral | no scroll morning vlog✨ #ashortaday #youtube #shorts #ytshorts #vlog,"youtube, ashortaday, face, mask, skin, skincare"
Skin Care Routine ,YouTube,https://www.youtube.com/@skincareroutine-h4s,UCUqMt0c0rboE_K9ZpCoFFQg,11800,787,PK,skincare routine,"Welcome to my channel this is about Skin Care Routine Tips .l want to share my experience through videos Don, t forget to like my videos and subscribe my channel for upcoming videos Channel link https:/bit.ly/3iNKRAs Regards Skin Care Routine",Not Found,,Not Found,Not Found,Not Found,8.29,14089,10,2026-10-03T02:52:33Z,Instant Skin Lightening & Brightening PackI Coffee Face pack for glowing skin #shorts | How to Get Instant Glow NaturallyHomemade Face Pack #Shorts #GlowSkin#SkinCare #FacePack #Beauty | Simple skin care At Home/Natural remdy/natural skin care | Skin care routine | DIY Pedicure Scrub for Dark Feet & Ankles!Instant Whitening Scrub T Get Fair &Soft Hands & Feet,"skin, face, care, pack, home, instant"
My Beauty Routine,YouTube,https://www.youtube.com/@mybeautyroutine,UC7x7OeU3-FmXFu7FGhqNFCQ,5470,337,IT,skincare routine,"Il canale YouTube dell’e-shop italiano con la selezione più vasta di cosmetici coreani spediti dall’Italia! Guarda i nostri video con tanti consigli, le nostre recensioni e la nostre esperienze, scrivi e chatta con noi... e prenditi veramente cura di te. Individua il tuo tipo di pelle, richiedi la t",Not Found,,Not Found,Not Found,Not Found,1.64,1391,10,2026-05-14T10:00:51Z,Cosa fare per le Borse sotto gli Occhi 👁️ | Buon siero...O è solo Marketing? ⛔️ | Non faccio la Doppia Detersione ☹️ | Errori comuni Skincare 🫤 | Centella asiatica per Rosacea & co 🌿,"per, non, skincare, pelle, cosa, fare"
PREETI GERA,YouTube,https://www.youtube.com/@makeoverbypreetigera,UCQZa-VQBYAdEblgB-pEO8HA,46000,208,IN,makeup tutorial,"Preeti Gera is one of the top certified makeup artists in Delhi and NCR. Being passionate about makeup from an early age, she has achieved her dreams of establishing her name in an industry she aligns with. She has been and continues to use high-quality products and is considerate of all skin tones ",Not Found,,Not Found,Not Found,Not Found,4.64,5997,10,2026-09-27T13:47:31Z,"Which suit? A,B,C&D | 26 September 2026 | Preeti gera bride🦋🩷 # #preetimakeover #preetigera #bride | New beginning 💕🦋 #preetigera #preetimakeover #students | Farewell Dance Reel 💕🌸 #preetigera #preetimakeover #students","preetimakeover, preetigera, preeti, gera, bride, students"
Mahi Chaudhary ,YouTube,https://www.youtube.com/@mahichaudhary16,UCkQ0corvtwhsM8mAKwOOiJw,67500,207,Not Available,makeup tutorial,"Hello beautiful people 💗 I’m Mahi 🎀 Welcome to my little beauty corner! 💕✨ Here you’ll find makeup looks, skincare routines, honest product reviews & all things glam. Join me as we create beautiful transformations together! ✨ For collaborations / PR: 📩 aruchaudhary874@gmail.com",aruchaudhary874@gmail.com,channel_description,Not Found,Not Found,Not Found,2.79,30526,10,2026-10-02T13:20:29Z,"My Night Skincare Routine for Glowy Skin 🌙✨ | Skincare Routine | Forever52 vs L’Oréal Setting Spray 👀 | Transfer Test! #Shorts | Makeup Steps, Easy Way ✨#shorts | My Trick for Brighter Under-Eyes ✨#shorts | Base Kharab Ho Gaya? Eyeliner Aise Hatao! 👀✨#shorts","makeup, skincare, eyes, base, step, night"
Magesh Makeup tutorial,YouTube,https://www.youtube.com/@mageshmakeuptutorial,UCeMxgGMymOvFAbLFvaG3-uQ,35300,427,IN,makeup tutorial,Hi I’m Thaniya MUA Trichy Bridal Booking- +917708139442 Beauty Begins The Moment You Decide To Be Yourself Please Support & Subscribe More Videos https://www.instagram.com/magesh_beauty_care/?hl=en.,Not Found,,https://instagram.com/magesh_beauty_care,Not Found,Not Found,1.32,2092,10,2026-08-16T15:06:51Z,# #trichymakeupartist #bridal #trichyyoutuber #muhurthammakeup | # #trichymakeupartist # #bridalmakeup # #softglamlook #wedding | #trichymakeupartist #wedding #trichy #bridal | #trichymakeupartist #trichy #makeupartist # #wedding #indianwedding #bridalmakeup | # #softglamlook #wedding #trichymakeupartist #trichy,"trichymakeupartist, wedding, softglamlook, bridal, bridalmakeup, trichy"
Notjustarushi,YouTube,https://www.youtube.com/@notjustarushi,UCF1gWVT5lgc_kFdYDT6ecRA,52900,91,IN,makeup tutorial,"Hello girliess, welcome to my channel. I create makeup hacks, makeup tutorials in detail for beginners♥️ Instagram handle: _notjustarushi",Not Found,,Not Found,Not Found,Not Found,2.31,155323,4,2026-10-02T15:25:24Z,Makeup according to face map.￼ | Polka dots eyess | Wishcare lip sunscreen🤯🍒 | Lion beauty. | Grunge makeup tuto🖤,"makeup, polka, step, undereye, according, face"
Kashish Jain,YouTube,https://www.youtube.com/@kashishjain613,UCFjsQqiYWreB50i1Gz93Dbw,24900,187,Not Available,makeup tutorial,🎓 India’s Leading Makeup Educator 💄 Makeup | Hair | Skin | Nail 💌 : team@kashishjain.in,team@kashishjain.in,channel_description,Not Found,Not Found,Not Found,5.52,23768,10,2026-10-02T15:30:10Z,glowy makeup✨ | 📞 8282826136 | Subscribe For More #makeuptutorial #makeup | Subscribe For More #makeuptutorial #makeup | 7 July 2026,"makeup, makeuptutorial, kashishjain, subscribe, more, july"
Rishika ,YouTube,https://www.youtube.com/@oxrishikaa,UCQ-PoRZNhwVUlusP9jlmHzg,62800,279,IN,makeup tutorial,hellooww softie⁠s!! ☆ Loves Makeup..´⁠꒳⁠` Contact rrishuka96@gmail.com,rrishuka96@gmail.com,channel_description,Not Found,Not Found,Not Found,Not Available,Not Available,0,2026-09-29T11:31:26Z,Awaken Your Eyes With Swiss Beauty Awaken Kajal #shorts #kajal | Awaken Eye Makeup With Swiss Beauty ☕️ #shorts | BJD Doll makeup #shorts | This is how makeup looks in reality there is no flawless base exists!😭🙌🏻 | Bold Eye Makeup 🍄 #makeup,"makeup, awaken, kajal, swiss, beauty, eye"
KryolanOfficial,YouTube,https://www.youtube.com/@kryolanofficial,UChP0jmmfvwHyNQAtHDwlbdg,34800,351,Not Available,makeup tutorial,Welcome to Kryolan's official Youtube channel. Watch our full makeup tutorials and learn how to use our products. We are always happy to receive constructive feedback and shared love. We do not accept hate speech and will delete any content offending our artists/models and everyone involved. MAKE-UP,Not Found,,Not Found,Not Found,Not Found,3.57,862,10,2026-10-01T07:43:55Z,SFX Insect Bites | Zombie Make-up Tutorial | How to Use Our Zombie Kit Step-By-Step | How To Use Collodion Correctly | Create Realistic SFX Scars | Cream vs Powder Blush | Which Blush Is Right For You? | Silk Finish Blush Tutorial | All 18 Shades Swatched,"tutorial, make, blush, dermacolor, sfx, zombie"
Makeup tutorial ,YouTube,https://www.youtube.com/@makeup-g7w,UC_pOFGW3300r-xdbQeVo0Bg,5730,711,Not Available,makeup tutorial,Makeup’s Tutorial,Not Found,,Not Found,Not Found,Not Found,2.95,1790,10,2026-10-02T13:35:58Z,Full Bridal Face base Makeup Tutorial / Easy Step by Step Makeup Tutorial / Makeup for Beginners  | Full Bridal Face base Makeup Tutorial / Easy Step by Step Makeup Tutorial / Makeup for Beginners  | Full Bridal Makeup Tutorial #viral #short #trending #makeup | Full Bridal Face base Makeup Tutorial /?Easy Step by Step Makeup Tutorial / Makeup for Beginners  | Full Bridal Face base Makeup Tutorial / Easy Step by Step Makeup Tutorial / Makeup for Beginners ,"makeup, tutorial, step, bridal, face, base"
Aanyaa,YouTube,https://www.youtube.com/@aanyaa_1,UCY5iHy7kx5_ZfIX8JxEP3dQ,63600,185,Not Available,makeup tutorial,"Welcome!!!🥮 HIE, THIS IS AANYAA! I am 19 years old and I enjoy makeup styles from across the world. Here you will find makeup tutorials and vlogs of my life(⁠◡⁠ ⁠ω⁠ ⁠◡⁠) I hope you enjoy!!🫶🏻 DM me below for any business queries. This is my email address: aanyaaa1111@gmail.com",aanyaaa1111@gmail.com,channel_description,Not Found,Not Found,Not Found,4.41,24484,8,2026-10-02T13:00:30Z,use my code Aanya12 for upto 20% off | use my code Aanya12 for upto 20% off | #tuscanmakeup | 2000's Tuscan Makeup | skincare ingredients to add into your skincare routine,"makeup, use, code, aanya, upto, off"
Judy Mua,YouTube,https://www.youtube.com/@judymua,UCMb0DhrfF3ZECBAeKAjzNxg,21600,13,Not Available,makeup tutorial,Makeup Artist,Not Found,,Not Found,Not Found,Not Found,2.16,66653,10,2020-04-13T21:35:12Z,طريقة رسم العيون|كيف تحطي اي لاينر|Beauty Secrets |makeup tutorial|EYELINER TUTORIAL | درس| كيف تغطي البشرة السمراءHow | to cover the brown/darkskin | تعلمي|كيف| مكياج عروس من الألف للياء  Seductive Bridal Look  l How to | طريقه اخفاء الهالات | HOW TO CONEAL UR DARK CIRCLES | كيف  | تختاري درجة الفاونديشن  |؟ ur foundation | shade,"makeup, tutorial, bridal, beauty, secrets, eyeliner"
Makeup Melanin,YouTube,https://www.youtube.com/@makeupmelanin,UC9egVPXcf8CDD7J8DTY5FIQ,96300,131,US,makeup tutorial,Welcome to our Makeup Page. You’ll learn a lot of makeup tips and tricks here ♥️ 💄Get my detailed Makeup for Beginners eBook: A simple step by step guide to a flawless look ⬇️ https://shop.beacons.ai/makeupmelanin/b88520bb-9a24-4bba-a13f-e7498c2787,Not Found,,Not Found,Not Found,https://shop.beacons.ai/makeupmelanin/b88520bb-9a24-4bba-a13f-e7498c2787,4.71,57019,10,2025-12-05T12:58:21Z,Makeup tutorial | 60 seconds of soft glam makeup 😍 #melaninmakeup #makeupmelanin #makeuptutorial #makeup #softglam | Soft girl makeup 😍 #makeupmelanin #makeup #melaninmakeup #makeuptutorial #beautytutorial #makeuptip | Soft makeup glam 😍 #makeupmelanin #makeup #shorts #melaninmakeup #makeuptutorial #makeuptips | Eyeshadow tutorial/smokey brown 😍 #makeupmelanin #melaninmakeup #makeuptutorial #eyeshadow,"makeup, makeupmelanin, makeuptutorial, melaninmakeup, tutorial, soft"
Aastha Beauty Parlour Makeup Tutorial ,YouTube,https://www.youtube.com/@easymakeupvideos,UC8Bzg7QxCehDaCHiozRlmgA,19300,1401,IN,makeup tutorial,"Welcome to [ Aastha Beauty Parlour ] 💄✨ I’m [Aastha], a passionate makeup artist here to share my love for all things beauty. Whether you're a makeup beginner or a pro, you’ll find tutorials, tips, product reviews, and creative looks that will inspire your inner artist. Let’s dive into the world of ",Not Found,,Not Found,Not Found,Not Found,3.2,782,10,2026-10-02T14:39:55Z,Picoelan taninoplastia hair treatment transformation #hair care | Bridal bun hairstyle #Bridal bun #bridal Juda | Bridal bun hairstyle for beginners #bridal bun #￼bridal Juda hairstyle | Eyebrow threading full tutorial #eyebrows #perfect shape | Lipstick review #product review #nude lipstick #lip gloss,"bridal, hair, bun, hairstyle, lipstick, student"
roseandben,YouTube,https://www.youtube.com/@makeupbyrosexoxo,UCmlcyQpUcAVBDWwQ3OWEx3g,92900,218,US,makeup tutorial,"Rose is a makeup educator, managing partner, and influencer based out of Houston, TX. She started her career touring nationally in the duet, Rose and Ben, and has released two critically acclaimed albums. In 2014, Rose started acquiring a social media following by demonstrating her unique outlook on",Not Found,,https://instagram.com/roseandben,https://tiktok.com/@roseandben,Not Found,4.49,20245,10,2026-04-04T17:26:05Z,AD@haruharuwonderofficial  #glowmist #skinbarrier #haruharuwonder #blackrice #livewithwonderdaybyday | I Tried Doing My Makeup Like It's 2016 | Lavender or Mint?? 💜💚 | Remember these glosses?! ✨🖤 How was this 3 years ago?! 😱✨ #makeupturorial #viralmakeup | The 💦PERFECT💦 shimmer!! #makeup #makeuptutorial #beauty,"makeup, makeuptutorial, beauty, tried, use, haruharuwonderofficial"
Hannah Daniel,YouTube,https://www.youtube.com/@hanmade_stories2.0,UCAS2AqMDkFK2fDcdkw-QBVw,85400,209,Not Available,makeup tutorial,"Hi 👋🏼 Njn Hannah, Professionally Oru architect aanu, but passion wise Oru content creator! Makeup and skincare aan ente niche, Edak fashion videosum idarund 😌 Content ellavarkm helpful aakum enn karuthunnu 🥰 Business mail: hannahdaniel.igyt@gmail.com",hannahdaniel.igyt@gmail.com,channel_description,Not Found,Not Found,Not Found,2.92,39258,10,2026-10-02T05:01:58Z,കല്യാണം കഴിക്കാൻ പോകുന്നോ ❓ഈ കാര്യങ്ങൾ ശ്രെദ്ധിക്കണം 😌 #marriageadvice #malayalam #ukmalayalis | *non sponsored* BRIGHTNING NIGHT SKINCARE ROUTINE ✨😍 pregnancy & breastfeeding friendly 🤱🏽| Hannah | Oily/ combinan skin ആണോ 😩⁉️ എങ്കിൽ you need this moisturizer ✨💕 #oilyskin #oilyskinmoisturizer | *non sponsored* MORNING SKINCARE ROUTINE 💕✨ glowing skin | Malayalam | Hannah Daniel | ഇതാണോ BEST INDIAN SUNSCREEN 😳❓ #bestsunscreeninindia #pregnancysafe #malayalambeautytips,"malayalam, skincare, non, sponsored, hannah, skin"
Bright_Shivani🎀,YouTube,https://www.youtube.com/@brightshivani,UCjVycrA3ESm9EKQmCt38EyA,93700,665,IN,makeup tutorial,"Hey 👋 everyone 🤗 I'm shivani Or mai makeup tutorials, get ready with me, skincare routine, Life styles , outfits style share krugi pasand aye to jarur is page ko subs kijiyega agr pahele se subscriber kiye h aap ne to uske liye thankuuuuuuuu🤗🤗🤗🤗",Not Found,,Not Found,Not Found,Not Found,Not Available,Not Available,0,2026-10-02T13:44:01Z,⭐️ Cutest Pinteresty Mousse Lipstick💄#lipstick #brightshivani #youtubeshorts | How to Achieve flawless makeup 💄✨#glowingskin #Brightshivani | Lip combo ✨💄 #brightshivani #lipcombo | Yellow fellow makeup tutorial ✨💛 #shorts #youtubeshorts #makeuptutorial | My non sponsored skincare routine #youtubeshorts #skincare,"youtubeshorts, makeup, products, brightshivani, lipstick, tutorial"
GlambyOmoye,YouTube,https://www.youtube.com/@glambyomoye,UCoedsYq6g7auJS3FABiwaag,57400,303,NG,makeup tutorial,"Makeup Tutorials for beginners and professionals, the Gospel, Lifestyle, Travel.",Not Found,,Not Found,Not Found,Not Found,6.66,3046,10,2026-10-02T16:16:07Z,"Friday calls for good glam and a little YouTube time. 💄✨Our latest videos are up on our YouTube CH | I filmed my client's pre wedding glam session in real time... SHE LOVED IT | IT’S IN THE SKIN ✨🔥LAGOS, SEE YOU DILO in JANUARY 🔥 | Soft glam, flawless skin that make the difference. ✨🤎 Full look on our Chanel | Glistening ✨","glam, skin, youtube, time, she, soft"
Its me Jossuty,YouTube,https://www.youtube.com/@itsmejossuty,UCtk4bltPApdDcvziTY8bOCw,20500,218,IN,makeup tutorial,,Not Found,,Not Found,Not Found,Not Found,2.13,51735,10,2026-10-02T05:19:35Z,Book your date : 6238162055 #weddingday #bridallook #makeup #transition #bride #makeupartist #shorts | 💄 ബ്രൈഡൽ മേക്കപ്പ് വാനിറ്റിയിൽ നിർബന്ധമായും വേണ്ട 5 പ്രൊഡക്റ്റുകൾ | Must Have Products💯 | Book your date : 6238162055 | Kunjatta’s Wedding Makeup💍 | രാത്രി ആയിട്ടും Makeup പോയില്ല!😍| Long Lasting Makeup secret 🔥 | Kunjatta❤️ Wedding look✨ @Kunjatta_jisby  🥰 #celebrity #wedding #transition #trending #bride #viral,"makeup, kunjatta, transition, bride, wedding, jossuty"
Edens Glam,YouTube,https://www.youtube.com/@edensglam,UChK6M9dzr8Dsk5x2De4A3xg,41400,34,Not Available,makeup tutorial,God. Beauty. Lifestyle,Not Found,,Not Found,Not Found,Not Found,6.13,16991,10,2024-03-30T22:47:32Z,WATCH TO SEE HOW WE CREATED THIS AIRBRUSHED LOOK 😱😱🤯🤯 | WATCH AN EASY STEP ON HOW WE GOT THIS SUNSET BRIDAL EYESHADOW 🤯🤯 | CLICK TO LEARN HOW TO ACHIEVE A SEAMLESS FINISHED BRIDAL LOOK 🥰🥰 | Watch How I Make Up The Most Beautiful Bride On Earth | A 5 DAYS INTENSIVE PROFESSIONAL MAKEUP CLASS IN KENYA 🇰🇪 WITH EDENS GLAM! #kenyanews #makeup,"makeup, watch, step, artist, bridal, achieve"
Fashion Talks,YouTube,https://www.youtube.com/@fashiontalkssl,UCTPWpvv8JwKhKdvuJ322X4w,61000,164,GB,fashion haul,"Hi Beauties I'm Chathu , most of you might know me as the Sri Lankan beauty guru in YouTube. Many of my viewers from my main channel Cosmo Beauty Studio often askes me many questions about styling tips so I thought being a plus sized model I should start up a new channel to share my personal styling",Not Found,,Not Found,Not Found,Not Found,1.33,27176,10,2026-09-27T11:30:03Z,ඔයාව වයස කරලා පෙන්නන මේ Fashion Mistakes කවදාවත් කරන්න එපා | දෙහිවලට ආපු අලුත්ම Shopping Mall එක බලන්න යමු | Pink Arcade Dehiwala | ඔයා එලියට යද්දි ඔයාගෙ Attractive ගතිය තව වැඩිකරගන්න Tips | How to make yourself look more attractive | මම අලුතින්ම ගත්ත Michael kors Bag එක | Michael kors jet set shoulder bag  | ඇඳුමක ලස්සන වැඩිකරගන්න මේ දේවල් Try කරලා බලන්න,"shopping, attractive, michael, kors, bag, bags"
Pranav,YouTube,https://www.youtube.com/@pranaav,UClF7Q39BoOYVPO8xlYaB_QA,20400,977,IN,fashion haul,"Welcome to my channel! My name is Pranav. Based out of the hustling streets of Delhi & Mumbai, this channel is your go-to guide for everything stylish—from Old Money elegance to Streetwear swag, from laid-back casuals to sharp formal fits. We break down the latest trends, style, and outfit inspirati",pranaavbusinessinfo@gmail.com,channel_description,Not Found,Not Found,Not Found,2.33,27674,10,2026-10-03T02:30:34Z,UNIQLO Jackets Haul 2026 | Top 3 Winter Perfumes From ZARA | ZARA Winter Haul 2026 | ZARA Winter Collection For Men | H&M Winter Haul 2026 | 3 DECATHLON Winter Essentials You Need,"winter, jackets, zara, men, zudio, uniqlo"
Komal K - Fashion | Hauls | Style Inspo,YouTube,https://www.youtube.com/@slaywithkomalk,UCfkbQftaUjWqWqp25j9-WKw,42100,458,IN,fashion haul,"Subscribe for Fashion, Travel & Lifestyle content Instagram - @slaywithkomalk Official e-mail : komalkadamofficial@gmail.com Get My Myntra Outfit here - https://www.myntra.com/studio/influencer?id=o6a5I6wyKu&affiliateId=o6a5I6wyKu&shared=true&utm_medium=social_share_ugc_profile&utm_source=ugc_affili",komalkadamofficial@gmail.com,channel_description,Not Found,Not Found,https://www.myntra.com/studio/influencer?id=o6a5I6wyKu&affiliateId=o6a5I6wyKu&shared=true&utm_medium=social_share_ugc_profile&utm_source=ugc_affiliate&utm_campaign=o6a5I6wyKu&affiliate_id=o6a5I6wyKu,1.39,25389,10,2026-10-01T10:30:14Z,The Prettiest White Dress I’ve Ever Had 🤍 | Myntra Find | 2 Simple Kurta Sets from Myntra That Give Perfect Festive Vibes | Try On Haul | I Missed That Viral Ajrakh Saree So I Got This Instead | Myntra Navratri Find | 2 Kurtas Under ₹1000 From Myntra | Affordable & Pretty Finds | Navratri Skirts from Myntra Under ₹1000 💃🏻 | Festive Outfit Ideas,"myntra, under, wear, saree, affordable, find"
Vijaya Haul Fashion's,YouTube,https://www.youtube.com/@vijayafashions,UC9hvPcIrsN8JgYF9PMjHfwQ,27500,1755,Not Available,fashion haul,"Hi Friends Welcome❤️ We are from ""Vijaya Haul Fashion's"" Trusted quality😍 Next day dispatch😋 💯 Percent genuine Grab Soon🎁 Subscribe to our Channel for more updates and freegifts 🎁 ❤️ Contact us - 9346350636❤️ Hi Mam , AGAR AAPKO HAMAARE CHANNEL PE KOI ITEM PASAND HO THO,USKA SCREENSHOT LE KAR ,HUME ",Not Found,,Not Found,Not Found,Not Found,2.0,1119,9,2026-09-21T22:01:58Z,"Clearance New Stock Harams ❤️🥳 Don't miss Live Offers 🎉 Free shipping Free Back chain🥳 | Clearance sale Necksets 🤩🥳 Don't miss Live Jewellery 🤩 Below 499/- collections 🥳 Free shipping | Clearance Sale 😍 Cz jhumkas,Bangles 😍🥳 Don't miss beautiful collections 🥳 Free shipping Free Gift 🎁 | Naan Patti Models, Necksets 🤩❤️ 9346350636 WhatsApp Booking Number ❤️ Don't miss Live Jewellery 🤩🥳 | Blackbeads🥳🤩 #jewellery #onlineshopping #trending #vijayahaulfashions #9346350636 whatsapp","free, don, miss, shipping, live, collections"
glam with ujala,YouTube,https://www.youtube.com/@glamwithujala,UCTDAbTKcWp6g6YumYMQhQ_g,96400,1991,IN,fashion haul,"Hello everyone! Im ujala... an Indian Beauty & Fashion Blogger. I love using DIY Home Remedies for Face, Body and Hair, making natural face packs with ingredients available easily in the kitchen. Apart from that I have really long hair much below my waist. This channel is all about sharing my knowle",businesswithujala@gmail.com,channel_description,Not Found,Not Found,Not Found,1.67,5218,10,2026-10-02T16:20:14Z,Women’s Anarkali Suit #shorts #ytshorts #trending #viral #fashion | meesho Viral Necklace Set #shorts #ytshorts #trending #viral #fashion | Meesho Designer Anarkali suit #shorts #ytshorts #trendingshorts #youtubeshorts | Meesho🛍️🌸 Handwork 15+Unstitched Suit Haul || Farshi Salwar Suit|| Cotton Febric|| New Arrival Haul  | Meesho Black Cutdana work Suit #shorts #ytshorts #trending #viral,"meesho, suit, viral, ytshorts, trending, fashion"
Hae Mi Jane | Outfit Ideas,YouTube,https://www.youtube.com/@haemijane,UCg56mWoCfkNuXd7v_rJ0B2g,13500,303,NL,outfit ideas,"Thanks for subscribing 😉😉 I share easy, aesthetic, and wearable outfit ideas designed for real life, along with links so you can shop the pieces I feature.😊❤️",Not Found,,Not Found,Not Found,Not Found,Not Available,Not Available,0,2026-10-01T14:00:04Z,WHAT TO WEAR THIS OCTOBER | 44+ LOOKS | TOP 60 BEST AUTUMN LOOKS FOR WOMEN | 50+ OUTFIT IDEAS FOR WOMEN 🍂 | OCTOBER 2026 | 45+ Denim Outfit Ideas for Autumn | October 2026 | Classy Neutral Looks for Autumn | 47+ Outfit Ideas,"autumn, outfit, ideas, october, women, wear"
Outfit İdeas,YouTube,https://www.youtube.com/@outfitideas8471,UCwCOYxvvCZBxou78D-yD8tw,5210,2,Not Available,outfit ideas,"aesthetic,grunge,vintage,classy,90s,urban.....outfits 🍓",Not Found,,Not Found,Not Found,Not Found,3.58,1296713,2,2019-08-27T21:55:51Z,Hailey Bieber summer outfit | aesthetic summer outfits ideas,"summer, hailey, bieber, outfit, aesthetic, outfits"
Dstyle - outfit ideas & outfit inspirations,YouTube,https://www.youtube.com/@dstyleoutfitideas,UCxmpyg5qMnSua2lgZ4bLvXg,25200,188,Not Available,outfit ideas,"As your Fashion Stylist, from high street finds to high-end gems- I scout the pieces you’ll love, so you don’t have to. You can shop all looks instantly on my LTK page. The direct link is in the description. If you love the looks, please click subscribe to join our styling community! SHOP ALL LOOKS ",Not Found,,https://instagram.com/dstyle_outfitideas,https://tiktok.com/@dstyleoutfitideas,https://www.shopLTK.com/explore/Dstyle_outfitideas,1.35,169503,10,2026-10-01T12:32:16Z,Autumn Fashion Trends 2026 | 75+ Fall Outfit Ideas & Viral Staples | 12 Chic Fall Outfits You’ll Want to Copy ✨ | 13 Neutral Fall Outfit Ideas for Your Capsule Wardrobe ✨ | Autumn Trend Edit 🍂 | Wearable Fall Outfit Ideas & Layering Guide | 9 Ways To Style Loafers For Fall 🍂 #falloutfitideas #falltrends,"fall, outfit, ideas, trends, autumn, outfits"
OUTFIT IDEAS ,YouTube,https://www.youtube.com/@outfitideas2,UCiDflEFqTAQFOAHQKdGFC_g,5720,286,IN,outfit ideas,"I recreate and decode your favorite star's outfits, making their looks accessible to all! ✨🤍 💌 Business contact - outfitideas266@gmail.com",outfitideas266@gmail.com,channel_description,Not Found,Not Found,Not Found,0.56,5611,10,2026-09-30T06:17:59Z,recreate Rhea Chakraborty's durga puja look 🤩#durgapuja #outfit #jamdani #trending #bengali | Get a bell sleeve top from meesho under 500 😍💗 #meesho #youtubeshorts #wintercollection | Recreate Alia bhatt's brahmastra outfit 😻🩷 #shorts #bollywood #fashion | ordered this beautiful pendant and couldn't wait to share it with you all 😻🩷#shorts #giva #pendant | Recreate Shalini pandey's outfit 😻❤️ #shorts #shirts #bollywood #outfitideas,"recreate, outfit, meesho, bollywood, under, fashion"
Style over 60,YouTube,https://www.youtube.com/@styleover60,UCA8I9jeXDpTXcJuckaKU6Lg,51500,624,US,outfit ideas,"Welcome to Style Over 60 ✨ This channel is dedicated to women who want to rediscover beauty, confidence, and the power of style after 50, 60, and beyond. Here you’ll find timeless fashion tips, elegant outfit ideas, trends adapted to maturity, and inspiration to feel amazing at any age. Our goal is ",Not Found,,Not Found,Not Found,Not Found,1.97,13888,10,2026-10-02T03:00:01Z,10 Jeans Style Tricks Elegant Women Over 50 Know That Make Denim Look Expensive | 2026–2027 | 15 Pieces vs a Full Closet Can the Hygge Method R | Why Parisian Style Is Quietly Becoming Fall 2026’s New Definition of Luxury | 7 Casual Fall Style Tricks That Make Outfits Look Expensive—and Cost Almost Nothing | Why Olive Green Is Quietly Becoming Fall/Winter 2026–2027’s New Luxury Color,"style, fall, tricks, elegant, women, over"
Outfits Queen,YouTube,https://www.youtube.com/@outfitsqueen,UCTGyh4ZpBWzqDj1PMcNeRXA,37700,113,IN,outfit ideas,✨Welcome to my YouTube Channel Outfit Queen 👑🎬 Your Daily Fashion & Style Destination 🌸 Trendy Lehenga Looks 🌸 Beautiful Saree Collection 🌸 Stylish Suit & Kurti Designs 🌸 Bridal & Ethnic Fashion Inspiration ✨ Daily Shorts & Outfit Ideas 💫 Stay Stylish With Outfits Queen 💖 Like • Share • Subscribe Fo,Not Found,,Not Found,Not Found,Not Found,2.88,5688,2,2026-09-29T13:00:25Z,💖 Meesho Trending Short Kurti | Only ₹269/- ✨#MeeshoFinds #ShortKurti #KurtiCollection #Trending | ✨Ethereal Red & White Aesthetic Look✨#shorts#youtubshort#meeshofinds# | 💙✨Meesho Premium Blue Kurta Suit | Comment for Link✨#OnlineShopping#Meesho#BlueSuit #short | 🙋‍♀️New Bridal Lehenga Designs Ideas✨❤ #shorts #fashion #lehenga #lehengacholi #youtubeshorts | Beautiful White & Pink Lehenga 💕✨#lehenga #fashion #trending #ethnicwear #indianfashion #outfitinspo,"lehenga, trending, meesho, fashion, lehengacholi, youtubeshorts"
Get Ready with Me,YouTube,https://www.youtube.com/@getreadywithmeyt,UCWM5TdOni654IkD5-gDbygg,17500,59,Not Available,get ready with me,,Not Found,,Not Found,Not Found,Not Found,2.6,24545,10,2026-09-29T14:28:27Z,"Cute Little GRWM  ....#grwm #getreadywithme | Part 2- Okay, this was NOT the PR package I was expecting😳 #getreadywithme | Part 1- Okay, this was NOT the PR package I was expecting😳 #getreadywithme | What reality looks like🤪🥰.. | 🥹♥️ Burgundy is love ✨ #getreadywithme","getreadywithme, grwm, okay, not, package, expecting"
Jessica Rose Williams,YouTube,https://www.youtube.com/@jessicarosewilliams,UCVigtOk_2dgRmKLcvtZkijw,34100,191,FR,capsule wardrobe,"British writer living in Paris • slow romanticised living • intuitive minimalism • mindful style Hello! I'm Jessica Rose. I share vlogs about slow living, creativity, personal style and building a life with more intention. My films are lived in, reflective and focused on the every day. You'll find s",Not Found,,https://instagram.com/jessicarosewilliams,Not Found,https://jessicarosewilliams.substack.com,4.86,6269,10,2026-09-09T11:36:35Z,A slow evening in Paris with you #wellalwayshaveparis | Slow Sunday markets in Paris | A few considered capsule wardrobe additions waiting for you | Considered capsule wardrobe additions | a day in the life of my dog in Paris,"slow, paris, considered, capsule, wardrobe, additions"
Capsule Wardrobe Data,YouTube,https://www.youtube.com/@goldzipper,UC4sHHfHEKE3lnmMMkgoYbDQ,9260,45,US,capsule wardrobe,"Photographer and founder of Capsule Wardrobe Data Learn how to create a (realistic) capsule wardrobe with data! About me: My advice has been gathered over the past 15 years maintaining my own minimal wardrobe and five years of practical experience tracking my wardrobe. As a teenager, I was featured ",Not Found,,Not Found,Not Found,Not Found,3.0,2340,9,2025-03-06T01:54:41Z,Store clothing for maximum wear  #declutter #minimalwardrobe #capsulewardrobe  #organization | Deep clean your wardrobe #declutter your wardrobe | Declutter sentimental wardrobe pieces #decluttering #capsulewardrobe #minimalistwardrobe | The just in case mentality - Wardrobe #decluttering | Remove non-uniform clothing to #declutter your wardrobe,"wardrobe, clothing, declutter, capsulewardrobe, minimalwardrobe, decluttering"
Shopping On Champagne,YouTube,https://www.youtube.com/@shoppingonchampagne,UCV7lS0SIBTYd-m4fG_x_GoA,65800,698,US,capsule wardrobe,"Helping Women Over 50 Create a Stylish, Effortless Wardrobe Struggling with a closet full of clothes but nothing to wear? You’re in the right place. I’m Nancy Queen, and I’m here to help you simplify your wardrobe, refine your style, and build a closet that works for you—not against you. On my chann",Not Found,,Not Found,Not Found,Not Found,4.14,6500,10,2026-10-02T18:43:26Z,"What to Wear to a Fall Wedding When You Don’t Want a Dress #fashion #weddingguestoutfit #shorts | My 5'2"" Sister Tried Quince Pants…Here’s What We Found | Not Ready for Boots? Try These Fall Shoes Instead #fashion #shoes #shorts | The Packing Sudoku Method | How I Plan My Outfits | The Long Necklace Trend You Can't Miss #jewelry #fashion #shorts","fashion, fall, style, ready, shoes, actually"
Naja Sierra,YouTube,https://www.youtube.com/@najasierra,UCwegiAVQUI5a_nEHtoeRDQA,20500,134,DK,capsule wardrobe,"I'm Naja, I'm from Denmark living in Switzerland & I make style and beauty videos with a mindful approach ✨🪞",Not Found,,Not Found,Not Found,Not Found,4.99,3125,10,2025-07-30T14:51:09Z,tracked what I wore every day of July | Wardrobe Updates for my summer in Copenhagen | Wardrobe Updates from Copenhagen - Scandi Brands Haul | Living in Copenhagen - Style Updates | What's new in my wardrobe + other updates,"wardrobe, updates, copenhagen, style, scandi, update"
Capsule Closet Stylist,YouTube,https://www.youtube.com/@capsuleclosetstylist,UCgNkiUqEi0HfHrDN-5h6EPg,40300,663,GB,capsule wardrobe,"The Art of Elevated Style | A Blueprint for the Modern Woman Welcome to a curated destination for style education and intentional living. With a multi-award-winning career spanning three decades, I bring a professional perspective to personal styling. This space is where industry expertise meets the",Not Found,,Not Found,Not Found,Not Found,3.56,6755,8,2026-10-01T10:07:30Z,Grab a Coffee with Michelle | Ask the Stylist Live Q&A | Grab a Coffee with Michelle | Ask the Stylist Live Q&A | The 4 Midlife Habits I Wish I’d Started Sooner | 7 Wardrobe Mistakes Women Over 50 Make (And How to Fix Them) | Grab a Coffee with Michelle | Ask the Stylist Live Q&A,"grab, coffee, michelle, ask, stylist, live"
Next Level Wardrobe,YouTube,https://www.youtube.com/@nextlevelwardrobe,UCAHkB3GPFavcE9C-rErzPAA,5150,280,US,capsule wardrobe,"Real Style. Real Clients. Real Results. We’re personal stylists who actually work with clients—so every strategy we share is proven in real wardrobes, not just style theory. Unlike most style channels, our tips come directly from helping over 500+ busy professionals look polished every day. This wil",Not Found,,Not Found,Not Found,https://form.typeform.com/to/SwkGGLb7?typeform-source=nextlevelwardrobe.com,1.26,810,10,2026-10-02T16:00:36Z,Executive Presence for Leaders: 5 Visual Upgrades That Signal Instant Authority | AI Could NEVER | Got Packing Problems? | You Need to Elevate Your Style | Dressing During Weight Changes,"executive, style, women, said, presence, leaders"
Ellie Richards,YouTube,https://www.youtube.com/@ellie.richards,UCe_wxUe-s32EEuEJyG00U2g,34800,193,NZ,capsule wardrobe,"I'm Ellie, stylist and founder of Nuude Studio.I've worked with hundreds of women, and almost all of them come to me saying some version of the same thing. My wardrobe is full and I have nothing to wear. I don't know what suits me anymore. I used to feel like myself in clothes and now I just feel of",Not Found,,Not Found,Not Found,https://www.nuude-studio.com/pages/find-your-seasonal-colour-palette-quiz,3.42,13965,10,2026-09-28T10:30:02Z,How to develop your taste without spending money | Finding your personal style 🙌🏼 FULL GUIDE #personalstyle | How to find your personal style | My FIRST day in my life video as a personal personal stylist and business owner #dayinmylife #vlog | Why you should invest in an unconventional bag #styletips bag from Audette,"personal, personalstyle, styletips, taste, style, stylist"
Patricia Mycyk,YouTube,https://www.youtube.com/@patriciamycyk,UCnofNUJuSu42XfiI9cI0JTQ,99500,210,AU,capsule wardrobe,SOFT COASTAL AUSTRALIAN LIFE 💙,Not Found,,Not Found,Not Found,Not Found,6.07,5235,10,2026-09-25T12:00:20Z,MY WARDROBE (and life) LEVELLED UP as soon as I started ✨SAYING NO✨ | 100. THE FINALE: seasonal WARDROBE RESET ✨building a 30 YEAR wardrobe✨ | 99. 13 item WARDROBE TRAVELS EUROPE (minimalist outfit packing review) | 98. MINIMALIST TRAVEL ✨13 item SUMMER CAPSULE WARDROBE✨ in a CARRY ON | My new favourite for daily skincare #skincare #selfcare #softlife #DermRays #DermRaysMicrocurrent,"wardrobe, level, item, minimalist, outfit, capsule"
My Green Closet,YouTube,https://www.youtube.com/@mygreencloset,UCxACkFpwxQpt6l9oNNR_Xcw,84200,334,CA,capsule wardrobe,"An exploration of sustainability and ethics in fashion and apparel, join me in building an intentional, slow, anti-capitalist wardrobe. My name is Verena but most people call me by my middle name, Erin. :) While studying and working in fashion I learned about the terrible ethical and environmental i",Not Found,,Not Found,Not Found,Not Found,7.51,3148,10,2026-03-04T15:00:27Z,"Get rid of Oil Stains, fast! | No one wants to stink - ditch the Polyester! | Part 8 - Building a Slower Wardrobe & Lessons from this Experience | Farm to Closet  | Part 7 - Finally Sewing the Hyper-Local Coat! | Farm to Closet | Part 6 - How Yarn is Woven into Fabric - Traditional Loom Weaving | Farm to Closet","farm, closet, local, wool, hyper, yarn"
Erica Ball Style,YouTube,https://www.youtube.com/@ericaballstyle,UCD5_DIfFTgDsGhj5Aey7qcg,17600,231,US,capsule wardrobe,"I help women over 30 stop guessing what to wear and start understanding why their wardrobes aren't working. Whether your body has changed or you've lost your sense of style, this channel will help you build a wardrobe that reflects your personal style, works with your body, and supports your lifesty",Not Found,,Not Found,Not Found,Not Found,3.81,1246,10,2026-10-03T00:45:30Z,Can't Make Outfits? | Pear Shape? Here's Why Some Outfits Don't Feel Right | Master The French Tuck #capsulewardrobe #personalstyle #personalstylist | If I could give you one style tip #capsulewardrobe #personalstyle | The #1 Fall Wardrobe Essential,"outfits, shape, capsulewardrobe, personalstyle, one, keeping"
by maren,YouTube,https://www.youtube.com/@bymaren,UCbX1Piu4YtxWLGjlyZPrOTw,35200,276,DE,capsule wardrobe,"sew, thrift & style inspo📍hamburg Impressum: Maren Schabhüser Marienthaler Strasse 173 20535 Hamburg",Not Found,,Not Found,Not Found,Not Found,3.98,8957,10,2026-09-27T15:00:00Z,NÄHEN LERNEN | Wie du deine Nähmaschine richtig benutzt! | Episode 3 | Das perfekte everyday Shirt & Fit Tester Call! | NÄHEN LERNEN | So findest du den perfekten Stoff für dein Projekt! | Episode 2 | NÄHEN LERNEN | Welche Tools brauchst du wirklich? | Episode 1 | Aus Second Hand wird Chanel-inspiriert: Ich upcycle einen Oversized Blazer!,"hen, lernen, hmaschine, den, second, hand"
Lauren McKinney,YouTube,https://www.youtube.com/@laurenwmckinney,UC7BNdGaFIJ-3Rfcc39WoJzQ,11300,101,US,capsule wardrobe,,Not Found,,Not Found,Not Found,Not Found,7.49,9439,10,2023-04-09T20:00:01Z,"New Wardrobe Pieces and How I'm Styling Them | I'm Back! A Chatty Video with my Most-worn Outfits, A Life Update, and the Future of this Channel | Life/YouTube Update: Where Have I Been, and Why I Haven't Been Uploading | California Road Trip and Capsule: Active, Outdoorsy, Coastal, & California Nostalgia | Fall Capsule Wardrobe Starter Pack: Aesthetics, Colors, Patterns, and More!","wardrobe, capsule, styling, outfits, life, update"
"Fernanda Vazquez, NYC Personal Stylist",YouTube,https://www.youtube.com/@vazq_fernanda,UCcEylqD2ewUaJnJvRviHTdQ,21300,133,US,capsule wardrobe,"“I stand in the closet, look at my clothes and draw a blank.” “I have so many clothes, but nothing goes together.” “I wear the same thing over and over again.” Does this sound like you? You are not alone! Building a wardrobe that you love takes time and effort, but the good news is that it’s easier ",Not Found,,Not Found,Not Found,Not Found,5.98,13165,10,2022-06-16T15:00:20Z,I’ve been keeping a HUGE secret... | Summer Capsule Wardrobe for 2022! Minimalist Capsule in Winter Palette | Shop for things you'll ACTUALLY WEAR for your MINIMALIST CAPSULE WARDROBE in 2022 | How to create a MINIMALIST CAPSULE WARDROBE for WORK in 2022 | The Best Way To Plan A Summer Capsule Wardrobe in 2022 |Tried & True Method!,"capsule, wardrobe, summer, minimalist, been, keeping"
Daria Andronescu | Wonder Wardrobe,YouTube,https://www.youtube.com/@wonderwardrobe,UCWxAcgIXwhlNWdAekx-ChaA,83600,168,US,capsule wardrobe,"I'm Daria, I've spent 16 years as a personal shopper and stylist, working with colour, proportion, and composition to create wardrobes women and men actually love wearing. The most distinctive wardrobes are curated from a point of view. Here, I turn that point of view into real, wearable and unique ",Not Found,,Not Found,Not Found,https://tinyurl.com/yzfzf5h3,Not Available,Not Available,0,2026-10-01T16:26:57Z,"What's the biggest ""looked so good online, felt so different in real life"" moment you've had? | If I see one more “polyester” wool coat, I’ll scream. Check the description for the solution 🧥 | Can’t wait to show you the most beautiful clothes! Signup & get a special offer: wonder-wardrobe.com | Roasting AI on its sustainable brand choices | I feel your struggle to find nice clothes | BTS Vlog","wonder, wardrobe, com, more, description, can"
Val Kovalchuk,YouTube,https://www.youtube.com/@valkovalchuk,UC3CtgfmLuTDBgy-rlqVSdpw,10000,121,US,capsule wardrobe,"I love slow fashion, gardening, cooking and reading! Follow along as I find joy in the simple things in life.",Not Found,,Not Found,Not Found,Not Found,7.93,5755,10,2026-03-20T14:15:51Z,"Everything I bought last year + what I've been reading and eating | early summer outfit ideas: neutral, minimal and easy breezy | a sustainable spring capsule wardrobe full of thrifted well loved items | budget friendly meal prep for the week | A Whole Year in my Capsule Wardrobe: how I use my basic capsule wardrobe in every season","year, capsule, wardrobe, everything, bought, last"
Chelsey Ceja,YouTube,https://www.youtube.com/@chelseyceja,UCfLWD8D5hMdXPDDv2T_34sw,79200,155,US,capsule wardrobe,"Luxe Dark Minimalism | Elevated Everyday Aesthetic🖤 Fashion, beauty, and lifestyle videos for modern dark minimalists. Learn how to style all-black outfits, build your dream wardrobe, and elevate your daily routine. Weekly videos featuring outfit ideas, skincare favorites, and soft life inspiration.",Not Found,,Not Found,Not Found,Not Found,4.97,4942,10,2026-08-15T22:41:28Z,"Let’s Catch Up | birthday, books, movies, + life | My Tabi Collection | Every Pair I Own & Why I Keep Buying Them ⭐ | Darkwear Diaries: The Spring Outfits I Actually Wore | Minimalist & Romantic Goth Style PART I | Styling a skirt over pants #darkaesthetic #ootd #grwm | Styling shorts with Tall Boots #ootd #outfitideas","styling, skirt, diaries, ootd, outfitideas, maxi"
Anastasia Gerrans,YouTube,https://www.youtube.com/@anastasiagerrans,UC4SVjMuNpgmcN7G9lndZ5UA,63600,313,Not Available,capsule wardrobe,Outfit inspo & styling advice!,Not Found,,Not Found,Not Found,Not Found,3.84,18794,10,2026-09-12T13:14:33Z,6 outfit formulas for fall with @bananarepublic 🤍🍂 #bananarepublicpartner | Proof your work outfits don't have to be BORING. | Sorry but I'm ready for fall outfits... bye summer. | A full day of looks: travel edition ​@bananarepublic  #bananarepublicpartner | Outfits I genuinely wore to class in college...,"outfits, fall, bananarepublic, bananarepublicpartner, outfit, formulas"
Trueselfstylist by Nathalie Neuilly,YouTube,https://www.youtube.com/@trueselfstylist,UCLl2OZrpufY1SPmHRfCN5ZA,10500,813,AE,capsule wardrobe,"Hi friends 👋🏼 I'm Nathalie Neuilly, founder of TrueSelfStylist — the style app for outfit planning, capsule wardrobes and intentional style. Here I share style logic, slow living and travel style: how to build a capsule wardrobe, wardrobe makeover ideas, timeless style and elegant fashion, and old m",hello@trueselfstylist.com,channel_description,Not Found,Not Found,https://www.trueselfstylist.com,2.37,4552,10,2026-09-28T11:47:05Z,"4 Days in Kyoto: Full Itinerary for Your Japan Trip | 5 Days in Seoul: Full Itinerary for Your Korea Trip | Da Nang Vietnam Travel Vlog | TIA Wellness Resort, yoga retreat, Hoi An | 6 days in Bhutan: A Documentary on the Tiger's Nest and Beyond | Ideal party when you’re in hour 30s #wellness #slowliving #slowtravel","wellness, days, tia, resort, wellnesstips, itinerary"
Natasha Gibson,YouTube,https://www.youtube.com/@natashagibson,UCPZARu3K6y3PuFnlCiHeP2A,8020,14,DE,capsule wardrobe,Check out my channel if you want be a step ahead in the fashion game. I cover everything from the latest trends to building your perfect capsule wardrobe. Subscribe and hit the bell so you don't miss anything. Looking forward to having you here! Natasha,Not Found,,Not Found,Not Found,Not Found,3.67,26348,10,2019-09-27T13:30:51Z,*New In* Zara Try-On Haul Fall 2019 (Including 5 Must-See Designer Dupes) | natashagibson | How to Build a Capsule Wardrobe for Fall | Beginner's Guide (Easiest Way to Get Started) | Outfit Ideas Fall 2019 | Autumn Fashion Lookbook Using Mostly Basics | natashagibson | Zara Haul New Season Pre Fall 2019 | natashagibson | Fall Fashion Trends 2019 Try On Haul | Top 8 Trends for Fall & How to Wear Them | natashagibson,"natashagibson, fall, zara, try, fashion, pieces"
The Capsule Suitcase,YouTube,https://www.youtube.com/@thecapsulesuitcase,UCYDvMCwVhRTkZ76Ogf9netg,5880,93,US,capsule wardrobe,"Packing tips for the stylish nomad Hi, my name is Andrea and welcome to my channel. When I started working remotely almost a decade ago, I got to travel a lot more for work and even to relocate for several months at a time. This started a passion for efficient and practical packing without sacrifici",Not Found,,Not Found,Not Found,Not Found,2.37,15069,10,2025-11-26T19:04:19Z,"Lojel Cubo Fit Lite Review: The Compact Expandable Suitcase You’ll Actually Use | Review of the Level8 Aluminum Gibraltar Carry-on Suitcase - Better than Rimowa? | Surprising My Husband With All New Monos Travel Gear | Common Travel Illnesses and Ailments: How to Avoid, Recognize, and Treat Sickness on Vacation | Review of the Carl Friedrik Carry-on X Aluminum Hybrid Suitcase","suitcase, travel, aluminum, carry, ring, cracked"
Style by Claire Lopez,YouTube,https://www.youtube.com/@stylebyclairelopez,UC9SnQz1-zMki0pQ_v1shOpA,10400,131,Not Available,capsule wardrobe,"Hi, I’m Claire, welcome to the official Style By Claire Lopez YouTube Channel. As a UK based personal stylist, I have over twenty years experience dressing the nation. I am passionate about empowering you to look and feel your absolute best. Great style is not about size, it's about understanding wh",Not Found,,Not Found,Not Found,https://linktr.ee/stylebyclairelopez,2.66,10179,10,2026-09-29T19:22:01Z,It’s the one item every wardrobe needs - link to shop in my bio | Unlocking your wardrobe’s potential with Uniqlo AD link to shop in bio | The perfect co-ord for travel/working from home/cosy weekends. Link in my bio as always. | What are you wearing to work? Links to shop in my bio as ever. Click on my profile pic on the video | For comfortable shoes day & night look no further than Air & Grace Ad. Link in bio to shop,"bio, link, shop, wardrobe, item, every"
Madeline Hegedus,YouTube,https://www.youtube.com/@madelinehegedus,UCNVB6_eY4h2Xj54dQFxjJ8A,78600,455,GB,capsule wardrobe,"In my decluttering era. Minimalism, but make it realistic. NEW VIDEOS every Saturday! I'm a mum of 2 from the UK. Decluttering my home towards a minimalist and calm lifestyle. _________ For business inquiries, you can email me at: madeline@madelinehegedus.com",madeline@madelinehegedus.com,channel_description,Not Found,Not Found,Not Found,1.67,35655,10,2026-09-26T14:00:12Z,🍂 I decluttered my ENTIRE wardrobe in 1 hour (autumn capsule) | Just a mom in her 30s in her decluttering era #minimalism | Every Boring Habit for a Simplified Home and Life ✨ Minimalism and Decluttering | The 30/10 method #minimalism #decluttering | Normal Day in the Life of a Minimalist Mom,"decluttering, minimalism, home, wardrobe, hour, autumn"
Carmen Renee ,YouTube,https://www.youtube.com/@carmenreneeblog,UCIhXUG9lgowkF9xGsyejhdg,22100,532,US,capsule wardrobe,"Welcome to my corner of the internet — where I'm building an intentional capsule wardrobe and inviting you along for the journey. Here you'll find elevated style inspiration, cozy and thoughtful home gatherings, real mom life moments, and beauty & wellness tips for thriving at 40+. ✨ Capsule wardrob",Not Found,,Not Found,Not Found,Not Found,3.76,2804,10,2026-10-02T17:45:39Z,"Have you ever paired warm cookies with your favorite wine? Because baby, this might be my new | God is always my number one, and He always will be | Comment “LINK” for outfit deets! 🍂🎶 Concert plans on the calendar? Now let’s figure out what | Have you ever made a skillet cookie for family movie night? 🎬🍪 Baby, this might be our new | Nothing like coming home from a good trip and realizing EVERYTHING needs a reset 😩😂 Suitcase","comment, link, game, have, ever, baby"
Charly Goss Style Inc.,YouTube,https://www.youtube.com/@charlygossstyleinc,UCBU5fkGTqqVN7HS1yo1uYTQ,7720,92,Not Available,capsule wardrobe,"Style is hard, we can help! We are a team of wardrobe stylists based out of Oakville, Ontario Canada and we do everything from in-person and virtual styling services to complete wardrobe overhauls. We are here to help YOU! Whether it's a wardrobe update, or you're unsure how to dress for a new stage",Not Found,,https://instagram.com/charlygossstyleinc,Not Found,https://www.charlygoss.com/,3.05,5792,10,2025-11-12T19:20:37Z,HOLIDAY PARTY OUTFITS 2025 | FESTIVE DRESSING TRY ON | HOW TO ADD PERSONALITY INTO YOUR CAPSULE WARDROBE | Style Tips | Capsule Wardrobe  | THE ULTIMATE STYLE MEMBERSHIP | TALKING ALL THINGS CGSI STYLE MEMBERSHIP | OUR FAVE FALL FASHION TRENDS | FW 2025 | TIPS & TRICKS | Fall Capsule Wardrobe Outfit Ideas | How to Style | Fall Fashion ,"fall, wardrobe, style, capsule, tips, fashion"
Carmen Elaine,YouTube,https://www.youtube.com/@carmenelaine,UCyg4-XrXEKNxRoiyuN5OImA,5640,183,GB,capsule wardrobe,"Minimalism, motherhood and music. Living in Tokyo.",Not Found,,Not Found,Not Found,Not Found,8.15,1651,10,2026-08-19T07:39:09Z,How to transform your life without changing anything | I got rid of 90% of my wardrobe. Here’s why. | Decluttering Changed My Life in 3 Unexpected Ways | Making a home in the life I thought was impossible | I couldn't have planned this #mindset #selfawareness #personalgrowth #selfreflection #lifeunexpected,"life, wardrobe, minimalism, transform, without, changing"
Alison Lumbatis,YouTube,https://www.youtube.com/@alisonlumbatis,UCqIKfLz3zjgeqitJ8XBR-lA,17700,644,US,capsule wardrobe,"Alison Lumbatis is the founder and CEO of Outfit Formulas, the #1 capsule wardrobe building program. She's served 100,000 women through the Outfit Formulas®️ program and has attracted an online audience of millions to her blog. Her platform democratizes style for every body and budget and is a leadi",Not Found,,Not Found,Not Found,Not Found,Not Available,Not Available,0,2026-10-02T00:49:06Z,I Use this to Get Dressed | Try this packing hack | YOU DON'T NEED MORE CLOTHES | Simplify your wardrobe in just 14 days | WHAT IS AGE-APPROPRIATE STYLE?,"don, need, clothes, wardrobe, style, stylish"
"Miko PS • Watches, Men’s Style & Satire",YouTube,https://www.youtube.com/@miko_ps,UC_nU96iaTbWJQdse-bzH18Q,33100,234,CH,capsule wardrobe,"👔 Helping successful men look sharp & confident 📰 Seasonal guides & private styling · As seen in GQ 👇 Your wardrobe, done for you",Not Found,,Not Found,Not Found,Not Found,3.27,16481,10,2026-10-02T07:44:21Z,"These are the best t-shirt brands in the world | If you are a busy man and don’t know what to wear this autumn, you need to watch this | Want to layer without looking bulky this autumn? | The secret to looking sharp in changing weather | This is how busy man can optimise their wardrobe to look sharp this fall","busy, man, autumn, wardrobe, looking, sharp"
Travel Fashion Girl,YouTube,https://www.youtube.com/@travelfashiongirl,UCWCtkP1-vefwJBRsSko8fPg,24900,140,US,capsule wardrobe,"For over 10 years, TravelFashionGirl.com has helped women pack lighter in a stylish and efficient way. ---------------------------------- Disclosure: We do share affiliate links which means we earn a small commission at no extra cost to you. This helps support our team and enables us to continue off",Not Found,,Not Found,Not Found,Not Found,1.93,1112,10,2026-09-24T19:31:19Z,I Bought This Jumpsuit in 4 Colors 🤭 | Unpack With Me! 🧳 | How I Pack for a Conference When I Need ALL the Outfits | Meet My New Beis Luggage Setup | I Finally Tried the Viral Travel Crossbody Bag,"travel, columbia, dress, jumpsuit, finally, bought"
MaryStyles,YouTube,https://www.youtube.com/@marystyleseu,UC38P0O70NXdWMNaBZvYorWg,5180,188,BR,capsule wardrobe,"Welcome to your destination for timeless elegance and sophisticated style. Here, we celebrate the art of dressing beautifully with curated fashion insights, styling tips, and wardrobe essentials that never go out of style. Discover how to build a capsule wardrobe, master the classics, and elevate yo",Not Found,,Not Found,Not Found,Not Found,4.64,9919,10,2026-10-03T01:16:18Z,"Wardrobe Essentials Every Woman 50+ Should Own #fashion #fashionstyle #style | Grace, Style, and Presence After 50 and 60 ✨ #fashion #fashionstyle #style | Sophisticated and Modern: Elegant Fashion Ideas for Women #fashion #simplyelegant #style #moda | Timeless Beauty, Modern Style: Elegant Fashion for Women #fashion #fashionstyle #style #moda | Modern Looks Every Woman 50+ Can Wear #fashion #fashionstyle #style #simplyelegant","fashion, style, fashionstyle, modern, elegant, women"
Littlegunnu1,YouTube,https://www.youtube.com/@littlegunnu1,UCgLunvBwXEPFpZokxTCXrxA,39400,138,Not Available,hair care routine,"for business-littlegunnu1@gmail.com Welcome to littlegunnu1— where haircare meets honesty. 🌿 Here, I share real solutions for real hair problems — no fake promises, no overhyped products. Just tested tips, tried remedies, and results that actually work. 💆‍♀️ From frizz control to hair growth, DIY ma",business-littlegunnu1@gmail.com,channel_description,Not Found,Not Found,Not Found,1.24,120424,10,2026-10-01T12:46:30Z,"#pink lips✨ | My haircare secret for stronger, healthier-looking & fuller hair 💆‍♀️#haircare #hairgrowth | 6 mornin haircare tips 💫💆‍♀️# #haircare #longhairgrowthtips | #oil | #blackhair","haircare, oil, hair, longhairgrowthtips, pink, lips"
glowwithnishita,YouTube,https://www.youtube.com/@glowwithnishita,UCSiJWDiz0cI4Dg6O6Emq1LA,58300,482,IN,hair care routine,"Hi, beauties Welcome to my Channel❤️ I am glad you're here in this channel you will get to learn about haircare,Selfcare as well as skin care. I believe when you share experiences,life and emotions Subscribers become family. Let's be a happy family and share lives. Experiment And spread positivity 😊",gungun909800@gmail.com,channel_description,Not Found,Not Found,Not Found,1.62,19441,10,2026-10-01T11:45:36Z,Day -14/20 Festive Rush 🪷✨#shorts #hair #hairstyle #diy | Day - 13/15 Festive Rush 🪷✨#shorts #viral #trending | Day -12/15 Festive Rush ✨🪷#ytshorts #shorts #hairstyle #festival | Pearls ki bhi parandi hoti hai 😍#shorts #hairstyle #longhair #viralshorts | Day- 10/15 Festive Rush ✨🪷#trending #shorts #viral #ytshorts,"hairstyle, trending, festive, rush, viral, ytshorts"
Swara,YouTube,https://www.youtube.com/@by.swaraa,UCFOJYV8M22vuQju9kqNtoXg,89700,497,IN,hair care routine,Hi!! My name is Swara and I create Skincare and Haircare content every week!! I hope you enjoy :),Not Found,,Not Found,Not Found,Not Found,Not Available,Not Available,0,2026-07-23T15:40:57Z,The Hair Growth Serum That Changed My Routine (No Sticky Residue!) | Is the 345 Relief cream overhyped??👀 #skincare #acneproneskin #koreanskincare #dralthea | The Only Spray You Need for Sensitive Skin ❤️✨ #skincare #dalba #koreanskincare | The only products I would 100% repurchase #haircare #skincare #sunscreen | You need to try K Pharmacy Skincare 👀 #koreanskincare #skincare #acneproneskin,"hair, skincare, products, haircare, koreanskincare, skin"
Mrs. Charity Umar Natural Hair Care,YouTube,https://www.youtube.com/@mrscharityumar,UC1CT1RQwIyvFK9MjSOuBF-w,38400,257,US,hair care routine,"My name is Charity. I am a born again Christian, wife, mother, registered nurse, mentor, entrepreneur, gospel minister and teacher and a modesty ambassador. I am here to share all things FAITH, MODESTY, NATURAL HAIR CARE, NURSING & MORE! I pray that you will find my content valuable and inspirationa",unveilingtheveilhair@gmail.com,channel_description,Not Found,Not Found,https://www.unveilingtheveil.com/,5.03,7481,10,2026-09-30T16:07:27Z,"DIY WHIPPED SHEA BUTTER | Soft, Moisturized Hair & Glowing Skin #naturalhaircare #whippedsheabutter | STOP Waiting! 5 Signs It’s Time to Wash Your Natural Hair | How I Wash My Daughter’s Natural Hair for Healthy Hair Growth 👑 | The Ultimate Wash Day Routine for Thick Type 4 Hair | Natural Hair Wash Day Routine  | How I keep my daughter’s hairstyle from unraveling #africanthreading","hair, natural, wash, healthy, daughter, hairstyle"
Zonni lifestyle ,YouTube,https://www.youtube.com/@zonnilifestyle,UCEZl3Ng-jVdZntdHuDjh7fA,43400,839,PK,hair care routine,"Description Hi my name is Arooj Yaqoob and I am here to help people who love Pakistani & Indian food recipes hair care, Skin & Health related issues. I am giving My Own hair care tips. No False promise and No false information without my experience. I used simple Home remedies and My own hair care m",Not Found,,Not Found,Not Found,Not Found,2.2,573,10,2026-09-08T16:19:07Z,Best hair oil #haircare #hairgrowthchallenge#alishashah#alishacousinology#rayabubakar | Magical hair oil for extreme hair growth #longhairgrowthtips #haircare #viralvideo #oil | Stop monsoon hair fall @zonni lifestyle | Ulfat roots herbal hair oil @daim gill official @zonni lifestyle | #longhairgrowthtips #haircare #viralvideo #beauty @zonni lifestyle,"hair, oil, zonni, lifestyle, herbal, haircare"
Trulykimberley,YouTube,https://www.youtube.com/@trulykimberley,UCrEAFlNZggBL64qRe5PCzqg,25400,189,Not Available,hair care routine,"Hi angel! I'm here to share all my tips and tricks, haircare advice, hair tutorials and haircare in general, hope you enjoy x",Not Found,,Not Found,Not Found,Not Found,1.74,13344,10,2026-09-27T22:01:20Z,My Hair Growth Routine 🌿 #hairgrowth #healthyhair | Should I keep growing? Or chop it off again? 👀🤭 #hairgrowth  #hairtransformation | The Perfect Clean Girl Manicure 🩰☁️🪞✨ #diymanicure #cleangirlnails | My Daily Hair Growth Routine! 🌀🤍✨ #hairgrowth #scalpmassage #hairgrowthtips #scalpcare | Head over to my IG Trulykimberley to enter! 🧴🌱💜 #haircareproducts #hairgrowth #haircare #hair,"hairgrowth, hair, haircare, growth, healthyhair, hairtransformation"
Sofia Hair Health ,YouTube,https://www.youtube.com/@sofiahairhealth,UCsBqrn3N8DkKdaTEHDn0V4A,41600,650,Not Available,hair care routine,"📩 partnerships: contact@theregrowthbp.com Training Trichologist 💆🏻‍♀️ My goal is to help share information on Androgenic Alopecia, and help as many people as I can grow back their hair! Follow me on TikTok and Instagram at @sofiahairhealth for more 🩷 Hair routine linked below 👇",contact@theregrowthbp.com,channel_description,Not Found,Not Found,Not Found,4.85,7413,10,2026-10-02T10:13:33Z,Picking the right serum 💖 SOFIA for ££ off rhute. #hairloss | Hair loss zones & patterns to pay attention to ✍️👀 #hairgrowth #androgenicalopecia #hairshedding | Nutrafol or Viviscal? #hairloss | First signs of hair loss? 👀🤷🏻‍♀️ #hairgrowth #androgenicalopecia #hairloss | rating drugstore haircare 💖✍️✨ #hairgrowth #androgenicalopecia #hairloss,"hairloss, hairgrowth, androgenicalopecia, hair, loss, right"
Nisha Sharma,YouTube,https://www.youtube.com/@brush_and_crush,UC2OBxE5Kq-BYpOrqtWBIjnA,87800,406,IN,hair care routine,"Heyyy welcome to my channel!!! I create beauty, diy’s and lifestyle related videos. Come join me on this journey. If you enjoy watching my videos then don’t forget to subscribe and share.💜",Not Found,,Not Found,Not Found,Not Found,3.23,37867,10,2026-10-01T13:30:15Z,#affordable makeup finds for BRIDE TO BE😍✨ | *MAKEUP HACK* try now!!!! #ytshorts #makeup | Trying *VIRAL* Lipgloss 💄💯 #ytshorts #viral | Affordable smudge proof kajal👀✨ #ytshorts #makeup | Bridal Vanity  #makeup ✨,"makeup, ytshorts, haircare, affordable, viral, haircut"
Cassy's HairCare,YouTube,https://www.youtube.com/@cassyshaircare,UC4b8UP7fN2iFLAdvM-4o4rA,14200,422,US,hair care routine,"In the past, I have struggled to keep my relaxed hair healthy. The shedding, breakage, and thinning were serious. Everything changed when I started my healthy hair journey. I have seen major improvements in my hair since then. I make this channel to share with you what has worked for me. I hope my e",Not Found,,Not Found,Not Found,Not Found,Not Available,Not Available,0,2026-09-25T19:51:17Z,"Why I Stopped Holding Onto Every Inch #transitioninghair #healthyhairjourney #hairtrim | The Hair Growth Mindset Shift That Changed Everything #healthyhair #naturalhairjourney #hairgrowth | ""Silk Press"" My Hair Looks Different Now... 👀 #silkpress #type4hair #naturalhairjourney | My First Silk Press at 13 Months Post-Relaxer #transitioninghair #silkpress #relaxedhair | What 13 Months Post-Relaxer Really Looks Like #transitioninghair #naturalhairjourney #relaxedhair","transitioninghair, hair, relaxedhair, naturalhairjourney, relaxer, didn"
Alodia Hair Care,YouTube,https://www.youtube.com/@alodiahaircare,UCib00A-ZzQ3B_6KLOovqOMg,17300,307,Not Available,hair care routine,Hi Fellow Youtubers!!! I have sooo many interest that it was kinda hard to narrow it down but these are the top 3 topics that will be discussed on this channel: Long Term Transitioning to Natural Hair: I will document my transition to natural hair- what I do to maintain the health and my eventually ,Not Found,,Not Found,Not Found,Not Found,1.56,503,10,2026-10-01T14:05:19Z,Because Wash Day is MY Time 👏🏾 | Hair Loss or Shedding? | Curly Wash Day Picks 💚 | Intentional Self Care 🧖🏾‍♀️ | Being a Founder is like...,"wash, hair, care, like, because, time"
Abhiraé ,YouTube,https://www.youtube.com/@abhirae,UCUQ2qUrlS9qAIknuMkezO7w,43700,115,IN,hair care routine,"🌸 Welcome to my little beauty space! ✨ Simple skincare & haircare tips for everyday glow🌷 Easy routines, self-care & beauty inspiration ❤️Let’s grow, glow & pamper ourselves together! For collaboration or inquiries: 📩 abhiraemm@gmail.com",abhiraemm@gmail.com,channel_description,Not Found,Not Found,Not Found,2.43,308745,4,2026-10-02T10:07:53Z,Before & After Result😱✨|Hair Growth Toner #shorts #ytshorts #haircare #diy #remedies #viral #beauty | 🌼Eat your Skincare and Haircare 🥗✨for glowing skin and healthy hair 🌸 | Fulll routine 💗 ⁨@Abhiraé | Hair Growth Results✨Before → After #shorts #viral #viralvideo #haircare #hairgrowth #diy #viralshort | Real Skincare 💀 | Skincare Routine✨ #skincare #shorts #ytshorts #viral #skincaretips #viralvideo | Grow Hair In 30 Days ✨🌸 #haircare #ytshorts #diy #hairgrowth #viral #viralvideo #viralshorts #hair,"hair, haircare, viral, ytshorts, diy, viralvideo"
Aussie Hair Care,YouTube,https://www.youtube.com/@aussiehaircare,UCO2F8YKi2iEaTK_6m5qUjYA,12400,115,Not Available,hair care routine,"Is this thing on… 👀 All hair is #AUSSomeHair! We 💜 all waves, curls and coils. PETA cruelty free 🐰",Not Found,,Not Found,Not Found,Not Found,1.46,521,10,2026-09-29T14:24:44Z,"the ultimate test of loyalty? your hair routine 💁‍♀️ | the Aussie Ultra Smooth line-up keeps frizz in check for 96 hours (YUP!) 💋 #aussiepartner | because settling for less when it comes to your curls? not an option 👀 | Noura had herself a hot girl summer, minus the hot girl hair problems 💅 #aussiepartner | put Ultra Smooth through the ultimate frizz test, and 96 hours later…still smooth! 💅#aussiepartner","smooth, aussiepartner, ultra, frizz, hair, aussie"
Lotus Flower Life,YouTube,https://www.youtube.com/@lotusflowerlife,UCQGbVErhOxl0suiGEWvOzDw,32100,172,US,hair care routine,"Where Beauty & Wellness Meet: self care, natural hair care, skin care & more. Let's blossom together 🪷. 🌿𝐃𝐎𝐖𝐍𝐋𝐎𝐀𝐃 your 𝐅𝐑𝐄𝐄 flaxseed gel guide and make high-quality gel every time: http://lotusflowerlife.com ✉️ Business Email: pr@lotusflowerlife.com",pr@lotusflowerlife.com,channel_description,Not Found,Not Found,http://lotusflowerlife.com,Not Available,Not Available,0,2026-09-19T14:00:29Z,"Straight to Curly: 3 Silk Press Tips to Protect Your Natural Hair #naturalhaircare #silkpress | 10 Minute Glowy Makeup for Fall | No Foundation Makeup Routine & Glowing Skin 🍂🍁🤎 #glowymakeup | Wash Day: Natural Hair Care Routine for Healthy, Defined Curls 🚿🫧 #naturalhaircare #washday | Glowing Skin Routine for Dry & Sensitive Skin ✨ | Gentle Morning Skincare #skincare #glowingskin | Curly Hair Routine to Grow, Moisturize and Define your Natural Hair #curlyhairroutine #haircare","hair, makeup, skin, curly, natural, naturalhaircare"
Jas Lené,YouTube,https://www.youtube.com/@lenecares,UCc4DtVI9S8E2w6QXfPVQfbg,21400,115,Not Available,hair care routine,TikTok-@lenecares,Not Found,,Not Found,Not Found,Not Found,2.45,6048,10,2026-09-15T19:59:15Z,"How I transformed my hair 🫪 #hairgrowth #hairtok #hairgrowthtips | Heatless curls 🤗😳 #haircare #hairgrowth #hairtutorial #hairstyle | The result of 4 Dutch braids #hairstyle #haircare #heatlesshairstyle #hairgrowth | Oil makes me feel royal, 👸🏻 #haircare #hairhealth #hairtutorial #hair #longhair | Scalp massages all day every day #haircare #hairgrowth #hairtok #hair #scalpcare","hair, haircare, hairgrowth, hairtok, scalp, massage"
Daisy Bopanna,YouTube,https://www.youtube.com/@curiositywithdaisy,UCM8-Aw1DZB-Y7sA-Vdt6I8Q,83100,140,IN,hair care routine,"Hi, Im Daisy Bopanna and I Welcome You to “Curiosity With Daisy “ This Space is the result of my Own Personal Curiosity about Holistic Health , Wellness and Beauty .I share my Own Personal Experiences as well as Host Medical Experts who are Genuine and Authentic Voices in their Respective Fields. Pl",Not Found,,Not Found,Not Found,Not Found,2.15,105143,10,2026-09-20T13:32:41Z,"No More Hard Millet Idlis 🌿 Make Soft Spongy Millet Paniyarams In Minutes 🌿Diabetes Breakfast ✅ | The Easiest Way to Make Soft and Spongy Millet Idlis at Home 🌸 Perfect Diabetes Breakfast | Why Your Hair Won't Stop Falling: Fix the Gut & Hormones 🌿PCOS, Insulin Resistance | The Truth About Sunscreen: Why You Need to Switch to These 7 Chemical-Free Options 🌿 | Can Millets Help Manage Diabetes, BP & PCOS? Fibre, Gut Health & Ambali Explained","millet, diabetes, need, acne, idlis, make"
Mrs. Mississippi,YouTube,https://www.youtube.com/@mrs.mississippi5035,UCgWS9AAO7lwGVKHohsfUB-A,27600,318,US,hair care routine,Mrs. Mississippi provides beauty and healthy hair tips for classical first and last impressions! Herein you will find reviews and regimens for the most talked about beauty and hair products. Hear the truth from a southern girl's point of view!,Not Found,,Not Found,Not Found,Not Found,6.24,4992,10,2026-09-22T19:38:11Z,"How I Trim Knots to RETAIN LENGTH & DENSITY | Natural Hair | How I Clean My Natural Hair with Herbs To Retain Length and Density | Conditioning with Oil | Thinning Hair or Balding? How To Easliy REGROW Your Hair! | Grease and Water | Sub. Grace | 3 Secrets To STOP Breakage WITHOUT PRODUCTS | Thin Strands  |Grow Long STRONG, Healthy Natural Hair | Full Routine:  SCRITCH & PREEN, and MOISTURIZE & SEAL | NATURAL HAIR","hair, natural, grease, grow, sub, retain"
REAL HUB WITH JYOTI SINHA,YouTube,https://www.youtube.com/@realhubwithjyotisinha,UCHNe92DZ9GfJAbUU6kj-jyg,26400,1428,IN,hair care routine,"My name is Jyoti Sinha, I'm an Indian woman here to offer an alternative approach to beauty. On this channel, I do hair care , skincare, product review, dress up, makeup I always try to come up with something which will help you all. You'll find a bit of lifestyle content here as well as personal vl",realhubwithjyotisinha@gmail.com,channel_description,Not Found,Not Found,Not Found,1.86,4772,10,2026-10-03T03:52:09Z,"Finally seeing some volume come back, but the journey to my dream hair is still on! ✨ | Part 5 is all about the basic hair routine I follow consistently for a big change…🤍 | Festive picks | Link added in description ⬇️ | Bangalore rooftop obsession | enjoy your time with your loved one at Biere Kraft Brew & Kitchen | 5 lake around Bangalore you should not miss","flipkart, hair, big, going, through, shop"
Simone Humes ,YouTube,https://www.youtube.com/@simoneshumes,UCZsW4X-5RN4_YRyDKWEvXLg,39800,135,US,hair care routine,,Not Found,,Not Found,Not Found,Not Found,6.77,17267,10,2026-08-14T19:54:52Z,One Week Update Using Block Star Mousse  #naturalhair #thedoux | Day 5 Update Using The Doux Block Star | Day 2 Hair From Using The Doux Block Star | THE BEST MOUSSE IVE EVER TRIED | Trying Different Heatless Curl Methods,"using, block, star, hair, natural, update"
Amna Hair Zone ,YouTube,https://www.youtube.com/@aamnahairzone,UCPTOt2arb9T1idryca3HXng,40900,189,PK,hair care routine,"🌸 Welcome to Amna’s Hair Zone! 🌸 Here you’ll find the best natural haircare tips, DIY remedies, and product reviews to keep your hair healthy, shiny, and strong! 💇‍♀️✨ From hair growth oils to damage repair masks, I share easy, affordable, and effective routines that you can do at home. Whether you ",Not Found,,Not Found,Not Found,Not Found,0.93,303768,10,2026-09-30T12:00:38Z,"🔥Grow 50X Faster, Longer, Thicker Eyelashe & Hair 👁️Long Eyelashes & Eyebrows Naturally☝🏼Silky Hair💥 | 🤎Viral Trendy Dark Brown Hair Dye Remedy 🟤 Get silky, Smooth & Shiny Brown Hair 💥 100% Chemical Free | 😱Maricle Remedy For Extreme Silky, Smooth, Straight, Thick, Long & Triple Fast Hair Regrowth 💥😳 | 🟤 This Dark Brown Remedy Made My Hair Chocolate Brown, Shiny & Smooth Overnight ☝🏼 Chemical Free Dye | 💟 Burgundy Hair Mask & Shampoo😍 No Mehndi no dye 🔥Apply this Mask & Shampoo Get Burgundy, shiny Hair","hair, dye, brown, silky, shiny, remedy"
Healthyhabits,YouTube,https://www.youtube.com/@healthyhabits648,UC4ZqVRkV6VlO5Broxf3JIgw,19500,218,IN,hair care routine,"Har Har Mahadev🔱 Hey :) I'm Trishna Senapati, This is my channel Healthyhabits🤍.These days i am uploading some videos.I’m just excited to share some of my holistic self care tips that I follow.(Sharing is caring) If you like my videos don’t forget to subscribe my channel and click the bell🔔 icon . T",senapatitrishna@gmail.com,channel_description,Not Found,Not Found,Not Found,1.92,242671,9,2026-09-19T10:30:38Z,"Rice water recipe for silky & shiny Hair🤩👀  #haircare #hairgrowth #ricewater | Post hair wash routine for monsoon frizz #haircare #hairgrowth #longhairgrowthtips | Sleeping waves 😜 #haircare #hairgrowth # #hair | Eat this salad regularly for healthy, strong hair! 🥗✨ #haircare #hairgrowth #healthysalad | Healthy diet for Healthy Hair #haircare #hairgrowth #healthydiet","haircare, hairgrowth, hair, healthy, wash, longhairgrowthtips"
Haircafe,YouTube,https://www.youtube.com/@haircafekevin,UCcaWKkWjPre0HyNwVZW5kLA,68000,593,US,hair care routine,"The world's finest source of hair loss information. Subscribe now to become a Hair Loss Witcher and defeat the slaphead curse once and for all. Remember chooms, always check with your doctor before beginning medication or making adjustments to your dose!",Not Found,,Not Found,Not Found,Not Found,4.96,25683,10,2026-09-30T19:42:26Z,ABS-201: is AI about to cure hair loss? | The Mediterranean diet VS the Carnivore diet.  Nick Norwitz is wrong again. | I finally got a Switch 2! | When should you use dutasteride instead of finasteride? | When is the best time to start Minoxidil?,"diet, carnivore, nick, norwitz, wrong, should"
Bhavna kashyap ,YouTube,https://www.youtube.com/@hellobhavana,UCzeBXI0yuuZ0glLBuZLgnyw,51800,115,IN,hair care routine,"Welcome to Hello Bhavana — Natural beauty & SkinCare 😘 Hair Care Tips, Face Yoga, Face Massage, Over-all Wellness, Healthy Lifestyle, Glow Up Routine, To look More Younger and Beautiful Naturally.🌟🤌🏻😍🧿 Here You’ll Get Everything that will Improve Your Skin Quality, Anti-aging Hacks, Hair and Enhance",Not Found,,Not Found,Not Found,Not Found,4.24,82182,10,2026-09-21T11:52:11Z,Stop Monsoon Acne: The Best Oily Skin Routine  #skincareroutine #acneproneskin #acnemarks #oilyskin | Best DIY De-Tan: Get Glowing Skin in 25 Minutes #detanmask #skincare #naturalglow #glowingskin | Stop Doing Guasha Wrong: The Best Face Massage Technique #facemassage  #facelift #guashamassage | 5 Best Beauty Points to Stop Face Puffiness #facemassage #antiaging #lymphaticdrainage #wrinkles | Stop These 3 Scalp Massage Mistakes for Hair Growth #headmassage #hairgrowth #haircare #scalpmassage,"stop, massage, facemassage, skin, face, wrinkles"
Yao Secret,YouTube,https://www.youtube.com/@yaosecret,UCl8FZCfpHjimsP7e7MOz89w,5640,77,GB,hair care routine,"Yao Secret is dedicated to improving and maintaining healthy hair by way of cultural tradition. By partnering directly with the Red Yao Tribe, to bring you handcrafted natural hair care products made with ritually-prepared rice water in the Longji Rice Terraces.",Not Found,,Not Found,Not Found,Not Found,1.64,28453,10,2024-11-15T12:52:37Z,Can't wait to plant rice crops again next year! #redyao #yaosecret #longhair #riceterraces #longji | Love will be passed on for generations❤️#redyao #yaosecret #longhair #riceterraces #longji | Have your mom helped you tie your hair? #redyao #yaosecret #longhair #riceterraces #longji | Do you like Red Yao women's traditional clothes? #redyao #yaosecret #longhair #traditionalwear | Do you know that passion fruits are also popular in Longji? #redyao #yaosecret #longhairvillage,"redyao, yaosecret, longji, longhair, riceterraces, hair"
DreamGirls Hair,YouTube,https://www.youtube.com/@dreamgirlshair,UCkPiFhI-yPseRxAshTJ-VYA,34700,339,Not Available,hair care routine,"DreamGirls Fine Hair Imports & Salon specializes in natural hair care services & hair extensions. With salon locations in Sacramento and Los Angeles, CA, our mission is to help women achieve healthy and full hair from root to tip. No hair goal is impossible with the help of our talented Hair Stylist",Not Found,,Not Found,Not Found,Not Found,3.11,986,10,2026-09-26T15:45:25Z,Flash fall sale weekend only! Visit dghair.com and use promo code FALL15 | You’ll never know it doesn’t work unless you start!! Learn more at dghair.com | And book and appointment 😉 Learn more about products and services at dghair.com | You can have all the inches you want to…with DreamGirls Hair! 🎶🌱 | 30% off TODAY ONLY! Promo code BTS20! Shop at dghair.com!,"dghair, com, code, learn, more, sale"
