name,email,instagram,profile_url,collab_angle,email_subject,email_body,instagram_dm,email_words,dm_words,message_status,attempts
Mansi Arya,aryamansi142@gmail.com,Not Found,https://www.youtube.com/@mansiarya14,"affiliate campaign with a personal discount code, optionally UGC content",Collaboration Opportunity with Lumera,"Hi Mansi,

I came across your recent video on trying a face mask for dry or dull skin and thought you might be interested in testing Lumera’s clean-ingredient skincare kit. We’d send you a free product set and provide a personal discount code that earns you commission on sales, plus the option to create UGC content. Let me know if you’d like more details.

Team Lumera","Hi Mansi, saw your face mask video – interested in a free Lumera kit + personal code for commissions? Let’s chat!",66,19,GENERATED,1
Its me Jossuty,Not Found,Not Found,https://www.youtube.com/@itsmejossuty,"affiliate campaign with a personal discount code, optionally UGC content",Collaboration with Lumera – free kit & affiliate code,"Hi Jossuty,

I noticed your recent Kunjatta’s Wedding Makeup tutorial and thought you might enjoy trying our clean‑ingredient skincare and style kit. We’d like to send you a free product kit and set up an affiliate partnership with a personal discount code that earns you commission on sales. If you’re interested in creating a short UGC piece or sharing the code with your followers, let me know.

Best, Team Lumera","Hi Jossuty, saw your Kunjatta wedding look—interested in a free Lumera kit and a personal discount code for your followers?",71,21,GENERATED,2
Mahi Chaudhary ,aruchaudhary874@gmail.com,Not Found,https://www.youtube.com/@mahichaudhary16,brand ambassador program with a free kit and a higher commission,Collaboration opportunity with Lumera,"Hi Mahi,
I came across your recent ""How to Get a Flawless Base Without Cakey Makeup"" video and thought you’d enjoy trying our clean‑ingredient skincare line. We’d like to invite you to join our brand ambassador program, which includes a free product kit and a higher commission on sales generated through your personal code. Let me know if you’d like more details.
Team Lumera","Hi Mahi, saw your flawless base tutorial – interested in a free Lumera kit and commission partnership?",65,16,GENERATED,1
GlambyOmoye,Not Found,Not Found,https://www.youtube.com/@glambyomoye,brand ambassador program with a free kit and a higher commission,Collaboration on Soft Glam Skincare,"Hi there,

I came across your recent video where you filmed a client’s pre‑wedding glam session and highlighted soft, flawless skin. We think Lumera’s clean‑ingredient skincare would complement that look. We’d like to invite you to join our brand ambassador program, sending you a free product kit and a personal code that earns a higher commission on sales.

Let us know if you’re interested.

Team Lumera",Hi! Noticed your soft glam pre‑wedding video – would you join Lumera’s ambassador kit + commission program? Let’s chat.,68,18,GENERATED,1
Lavisha arora,Not Found,Not Found,https://www.youtube.com/@lavishaarorayt,brand ambassador program with a free kit and a higher commission,Collaboration Opportunity with Lumera,"Hi Lavisha, I came across your recent video on budget makeup products that work like expensive ones and thought you might be interested in Lumera’s clean‑ingredient skincare and style line. We’d like to invite you to join our brand ambassador program, sending you a free product kit and providing a personal code that earns you a higher commission on sales. Let me know if you’d like more details. Team Lumera","Hi Lavisha, saw your budget makeup video—interested in a free Lumera kit and commission code? Let’s chat!",71,18,GENERATED,1
Kashish Jain,team@kashishjain.in,Not Found,https://www.youtube.com/@kashishjain613,"affiliate campaign with a personal discount code, optionally UGC content",Collaboration opportunity with Lumera,"Hi Kashish,
I noticed your July 7, 2026 video and thought you might be interested in trying Lumera’s clean-ingredient skincare. We’d like to send you a free product kit and set up an affiliate partnership with a personal discount code, plus a commission on sales. You could share your experience through UGC content or a quick tutorial. Let me know if you’d like more details.
Team Lumera","Hi Kashish, saw your July 7 video – interested in a free Lumera kit and affiliate code? 😊",67,16,GENERATED,1
Aanyaa,aanyaaa1111@gmail.com,Not Found,https://www.youtube.com/@aanyaa_1,brand ambassador program with a free kit and a higher commission,Collaboration Opportunity with Lumera,"Hi Aanyaa,

I came across your recent video on skincare ingredients to add into your routine and thought you might be interested in our brand ambassador program. We’d like to send you a free Lumera product kit and provide a personal discount code that earns you a higher commission on sales. It’s a simple way to share clean‑ingredient skincare with your followers while benefiting from each purchase.

Let me know if you’d like to discuss details.

Team Lumera","Hi Aanyaa, we noticed your video on skincare ingredients – would you join our ambassador program with a free kit and commission? 😊",79,21,GENERATED,1
Makeup tutorial ,Not Found,Not Found,https://www.youtube.com/@makeup-g7w,barter collaboration (free product in exchange for honest content),Collaboration opportunity with Lumera,"Hi there,

I came across your recent ""Full Bridal Face base Makeup Tutorial"" and thought you might be interested in a barter collaboration. We’d send you a free Lumera product kit and provide a personal code for commission on any sales generated. You’d create honest content featuring the kit for your followers. Let me know if you’d like to discuss details.

Team Lumera",Hi! Noticed your bridal makeup tutorial—interested in trying our clean skincare kit? 🌿 DM me for details.,63,17,GENERATED,2
PREETI GERA,Not Found,Not Found,https://www.youtube.com/@makeoverbypreetigera,"affiliate campaign with a personal discount code, optionally UGC content",Collaboration Idea After Your Bridal Suit Review,"Hi Preeti, I noticed your recent “Which suit? A,B,C&D” video where you explore bridal looks. We’d like to send you a Lumera clean‑ingredient product kit and set up an affiliate partnership, giving you a personal discount code and commission on sales. You could also create UGC content if you’d like. Let me know if you’re interested in collaborating. Team Lumera","Hi Preeti, saw your “Which suit? A,B,C&D” video – interested in a free Lumera kit + affiliate code? 🌟",64,19,GENERATED,1
Notjustarushi,Not Found,Not Found,https://www.youtube.com/@notjustarushi,brand ambassador program with a free kit and a higher commission,Collaboration Invitation from Lumera,"Hi there,

I noticed your recent “Polka dots eyess” video and thought you’d enjoy trying Lumera’s clean‑ingredient skincare. We’d like to invite you to join our brand ambassador program, sending a free product kit and offering a higher commission on sales through your personal code. If you’re interested, let me know and we can discuss the details.

Team Lumera",Hey! Saw your Polka dots eyess video – interested in a free Lumera kit + commission code? 😊,60,15,GENERATED,1
Aastha Beauty Parlour Makeup Tutorial ,Not Found,Not Found,https://www.youtube.com/@easymakeupvideos,"affiliate campaign with a personal discount code, optionally UGC content",Collaboration Opportunity with Lumera,"Hi Aastha,

I came across your recent ""Bridal bun hairstyle for beginners"" tutorial and thought it would align well with Lumera’s clean-ingredient skincare line. We’d like to send you a free product kit and set up an affiliate partnership, giving you a personal discount code and commission on sales. If you’re interested in creating some UGC or a simple showcase, let me know and we can discuss the details.

Best,
Team Lumera",Hi Aastha! Saw your bridal bun video – interested in a free Lumera kit + affiliate code? 😊,72,15,GENERATED,1
Hannah Daniel,hannahdaniel.igyt@gmail.com,Not Found,https://www.youtube.com/@hanmade_stories2.0,brand ambassador program with a free kit and a higher commission,Collaboration opportunity with Lumera,"Hi Hannah,

I came across your “BRIGHTNING NIGHT SKINCARE ROUTINE” video and noticed your focus on clean, pregnancy‑friendly routines. We’d like to invite you to join Lumera’s ambassador program, which includes a free product kit and a higher commission on sales generated through your personal code. If you’re interested, let me know and we can share more details.

Best,
Team Lumera","Hi Hannah, saw your night skincare routine video – would you like a free Lumera kit and commission as an ambassador?",62,20,GENERATED,1
Pranav,pranaavbusinessinfo@gmail.com,Not Found,https://www.youtube.com/@pranaav,"affiliate campaign with a personal discount code, optionally UGC content",Collaborate with Lumera on a Winter Skincare Kit,"Hi Pranav,

I noticed your recent “Top 3 ZARA Jackets For Winter 2026” video and thought a clean‑ingredient winter skincare kit could complement the looks you showcase. We’d send you a free Lumera kit and provide a personal discount code that earns you commission on sales. If you’re interested in creating some UGC or a quick review, let me know.

Best,
Team Lumera","Hey Pranav, saw your ZARA jacket haul – interested in a free Lumera winter kit and a personal code for commission? Let me know!",64,23,GENERATED,1
Vijaya Haul Fashion's,Not Found,Not Found,https://www.youtube.com/@vijayafashions,"affiliate campaign with a personal discount code, optionally UGC content",Collaboration Opportunity with Lumera Skincare,"Hi there,

I came across your recent ""Clearance New Stock"" video and noticed the focus on fresh collections and free shipping. Lumera is launching an affiliate campaign and would like to send you a free product kit, plus a commission on sales generated through your personal discount code. We can also explore user‑generated content to showcase the products. Let me know if you’d like to discuss details.

Team Lumera","Hi! We saw your ""Clearance New Stock"" video and would love to send a free Lumera kit + commission via your code 😊",70,21,GENERATED,1
glam with ujala,businesswithujala@gmail.com,Not Found,https://www.youtube.com/@glamwithujala,brand ambassador program with a free kit and a higher commission,Collaboration opportunity with Lumera,"Hi there,

I came across your recent Meesho Designer Anarkali suit haul and noticed your focus on fashion trends. Lumera is launching a brand ambassador program that includes a free clean‑ingredient skincare and style kit plus a higher commission on sales generated through your personal code. We think this could add value for your followers while aligning with your DIY beauty interests. Let me know if you’d like more details.

Team Lumera",Hi! Noticed your Meesho suit haul – interested in a free Lumera kit and commission for your followers?,73,17,GENERATED,1
Outfits Queen,Not Found,Not Found,https://www.youtube.com/@outfitsqueen,"affiliate campaign with a personal discount code, optionally UGC content",Collaboration Opportunity with Lumera Skincare,"Hi there,

I came across your recent video on new bridal lehenga designs and noticed the focus on fresh, trendy looks. Lumera offers a clean-ingredient skincare and style kit that could complement those outfits. We’d like to send you a free product kit and set up an affiliate campaign with a personal discount code, plus a commission on sales. Let me know if you’d be interested in exploring this partnership.

Team Lumera",Hi! Saw your bridal lehenga video – would you like a free Lumera kit and a personal discount code for your followers?,72,21,GENERATED,2
Style over 60,Not Found,Not Found,https://www.youtube.com/@styleover60,brand ambassador program with a free kit and a higher commission,Collaboration opportunity with Lumera,"Hi there,

I came across your recent video on 10 Jeans Style Tricks for elegant women over 50 and thought the focus on timeless, upscale looks aligns with our clean‑ingredient skincare and style line. We’d like to invite you to join our brand ambassador program, which includes a free product kit and a higher commission on sales generated through your personal code. Let me know if you’d like more details.

Team Lumera",Hi! Noticed your 7 Casual Fall Style Tricks video – interested in a free Lumera kit and commission code? 😊,73,18,GENERATED,1
Get Ready with Me,Not Found,Not Found,https://www.youtube.com/@getreadywithmeyt,"affiliate campaign with a personal discount code, optionally UGC content",Partner with Lumera for a clean‑ingredient skincare kit,"Hi there,

I came across your ""Okay, this was NOT the PR package I was expecting"" GRWM series and thought it would align well with Lumera's clean‑ingredient skincare line. We’d like to send you a free product kit and set up an affiliate campaign with a personal discount code, plus a commission on sales. If you’re interested in creating some UGC around the kit, let me know and we can discuss details.

Team Lumera","Hi! Noticed your ""Okay, this was NOT the PR package I was expecting"" GRWM – interested in a free Lumera kit + affiliate code?",75,22,GENERATED,2
Erica Ball Style,Not Found,Not Found,https://www.youtube.com/@ericaballstyle,"affiliate campaign with a personal discount code, optionally UGC content",Collaboration idea for your style tips series,"Hi Erica,

I noticed your recent video on ""If I could give you one style tip"" and thought you might enjoy trying Lumera’s clean‑ingredient skincare and style kit. We’d send you a free product kit and set up a personal discount code that earns you commission on sales. Would you be open to sharing a quick UGC piece and the code with your followers?

Looking forward to hearing from you.
Team Lumera","Hi Erica, saw your ""If I could give you one style tip"" video – interested in a free Lumera kit + commission code? 😊",73,21,GENERATED,2
Ellie Richards,Not Found,Not Found,https://www.youtube.com/@ellie.richards,"affiliate campaign with a personal discount code, optionally UGC content",Collaboration idea for your style guide,"Hi Ellie,

I came across your “How to develop your taste without spending money” guide and thought a clean‑ingredient skincare and style kit could complement your personal style tips. We’d send you a free Lumera product kit and provide a personal discount code that earns you commission on sales. Would you be open to creating some UGC around the kit?

Best,
Team Lumera","Hi Ellie, saw your style guide video—interested in a free Lumera kit and a personal discount code for your followers?",64,21,GENERATED,1
by maren,Not Found,Not Found,https://www.youtube.com/@bymaren,"affiliate campaign with a personal discount code, optionally UGC content",Collaborate with Lumera on an affiliate kit,"Hi Maren,

I came across your recent video on upcycling a second‑hand blazer into a Chanel‑inspired piece and thought you might enjoy trying our clean‑ingredient skincare and style kit. We’d send you a free product set and give you a personal discount code to share with your followers, earning commission on sales. Let me know if you’d like to discuss details.

Team Lumera","Hi Maren, we saw your upcycle blazer video and think a Lumera kit would suit your style. Interested? 😊",66,18,GENERATED,1
Jessica Rose Williams,Not Found,https://instagram.com/jessicarosewilliams,https://www.youtube.com/@jessicarosewilliams,"affiliate campaign with a personal discount code, optionally UGC content",Collaboration idea for your Paris capsule content,"Hi Jessica,

I noticed your recent video “A few considered capsule wardrobe additions waiting for you” and thought our clean‑ingredient skincare and style kit could complement that mindful aesthetic. We’d like to send you a free product kit and set up an affiliate partnership with a personal discount code, plus a commission on sales. Would you be open to discussing how this could work for your followers?

Team Lumera","Hi Jessica, saw your Paris capsule video – interested in a free Lumera kit + affiliate code? 🌿",70,15,GENERATED,2
Capsule Closet Stylist,Not Found,Not Found,https://www.youtube.com/@capsuleclosetstylist,"affiliate campaign with a personal discount code, optionally UGC content",Collaboration opportunity with Lumera,"Hi there, I came across your “Grab a Coffee with Michelle” episode and appreciated the style insights you share. Lumera is launching an affiliate campaign and would like to send you a free clean‑ingredient skincare and style kit, plus a personal discount code that earns you commission on sales. We’d also love any UGC you’d like to create. Let me know if you’re interested in learning more.

Team Lumera",Hi! Noticed your ‘Grab a Coffee with Michelle’ video—interested in a free Lumera kit and a personal discount code for your followers?,70,23,GENERATED,1
Shopping On Champagne,Not Found,Not Found,https://www.youtube.com/@shoppingonchampagne,brand ambassador program with a free kit and a higher commission,Collaboration Opportunity with Lumera,"Hi Nancy,

I noticed your recent video “Not Ready for Boots? Try These Fall Shoes Instead” and thought you might enjoy a collaboration. Lumera is offering a brand ambassador program that includes a free clean‑ingredient skincare and style kit plus a higher commission on sales through your personal code. We’d love for you to share the kit with your followers and see how it complements your polished looks. Let me know if you’d like more details.

Team Lumera","Hi Nancy, saw your “Not Ready for Boots?” video – interested in a free Lumera kit and commission code for your followers? 😊",79,21,GENERATED,3
Patricia Mycyk,Not Found,Not Found,https://www.youtube.com/@patriciamycyk,brand ambassador program with a free kit and a higher commission,Collaboration invitation from Lumera,"Hi Patricia, I noticed your recent video “My new favourite for daily skincare” and thought you might enjoy joining our brand‑ambassador program. We’ll send you a free product kit and provide a personal code that earns you a higher commission on sales generated by your followers. If you’re interested, let’s discuss details and next steps. Looking forward to hearing from you. Best, Team Lumera","Hi Patricia, saw your “My new favourite for daily skincare” video—interested in a free Lumera kit and commission code? Let’s chat!",65,22,GENERATED,1
MaryStyles,Not Found,Not Found,https://www.youtube.com/@marystyleseu,barter collaboration (free product in exchange for honest content),Collaboration idea for your elegant style videos,"Hi Mary,

I came across your recent video on ""Effortless Elegance: Key Style Secrets for Women in Their 40s and 50+"" and thought the timeless vibe aligns well with Lumera’s clean‑ingredient skincare line. We’d like to send you a free product kit and provide a personal code that earns you commission on any sales generated. If you’re open to creating honest content featuring the products, let me know and we can discuss details.

Team Lumera","Hi Mary, saw your ""Effortless Elegance"" video – interested in a free Lumera kit + commission code for honest review?",76,18,GENERATED,3
Style by Claire Lopez,Not Found,Not Found,https://www.youtube.com/@stylebyclairelopez,"affiliate campaign with a personal discount code, optionally UGC content",Collaboration idea featuring a personal discount code,"Hi Claire,

I came across your recent video about the one essential wardrobe item and noticed you always include shop links in your bio. We’d like to send you a free Lumera product kit and set up an affiliate partnership where you earn commission on sales through a personal discount code. You could also create a quick UGC piece if it fits your style. Let me know if you’d like more details.

Team Lumera","Hi Claire, saw your wardrobe essential video – interested in a free Lumera kit + affiliate code for your followers?",74,18,GENERATED,3
Chelsey Ceja,Not Found,Not Found,https://www.youtube.com/@chelseyceja,brand ambassador program with a free kit and a higher commission,Collaboration opportunity with Lumera,"Hi Chelsey,

I noticed your recent “Styling a skirt over pants” video and thought you’d enjoy trying Lumera’s clean‑ingredient skincare. We’d like to invite you to join our brand ambassador program, sending you a free product kit and offering a higher commission on sales through your personal code. Let me know if you’d like more details.

Best,
Team Lumera","Hey Chelsey, saw your “Styling shorts with Tall Boots” video – interested in a free Lumera kit and commission code? 😊",60,19,GENERATED,1
Trueselfstylist by Nathalie Neuilly,hello@trueselfstylist.com,Not Found,https://www.youtube.com/@trueselfstylist,"affiliate campaign with a personal discount code, optionally UGC content",Collaborate with Lumera’s Clean Skincare Kit,"Hi Nathalie,

I came across your recent Kyoto itinerary video and noted how you blend travel with wellness tips. We’d like to send you Lumera’s clean‑ingredient skincare kit and set up an affiliate partnership, giving you a personal discount code and commission on sales. You could share a quick UGC piece or simply highlight the kit in your style routine. Let me know if you’d like to discuss details.

Team Lumera","Hey Nathalie, noticed your Kyoto itinerary vlog—would you try Lumera’s clean skincare kit and share a discount code with your followers? 🌿",72,22,GENERATED,2
Madeline Hegedus,madeline@madelinehegedus.com,Not Found,https://www.youtube.com/@madelinehegedus,brand ambassador program with a free kit and a higher commission,Collaboration opportunity: Lumera ambassador kit,"Hi Madeline,

I came across your video on decluttering your entire wardrobe in an hour and thought you’d be interested in our brand ambassador program. We’d like to send you a free Lumera product kit and provide a personal code that earns you a higher commission on sales. It could be a natural addition to the minimalist lifestyle you share with your followers. Let me know if you’d like to discuss the details.

Team Lumera","Hi Madeline, saw your wardrobe declutter video – would you chat about a free Lumera kit and ambassador code? 😊",75,18,GENERATED,1
"Miko PS • Watches, Men’s Style & Satire",Not Found,Not Found,https://www.youtube.com/@miko_ps,"affiliate campaign with a personal discount code, optionally UGC content",Collaboration opportunity with Lumera,"Hi Miko,

I came across your recent video on layering without bulk this autumn and thought you’d appreciate our clean‑ingredient skincare and style kit. We’d love to send you a free product kit and set you up with a personal discount code that earns you commission on sales. If you’re interested in creating some UGC or sharing the code with your audience, let me know and we can discuss details.

Team Lumera","Hey Miko, saw your autumn layering guide – interested in a free Lumera kit + commission code? 🌟",73,15,GENERATED,1
Anastasia Gerrans,Not Found,Not Found,https://www.youtube.com/@anastasiagerrans,brand ambassador program with a free kit and a higher commission,Collaboration opportunity with Lumera,"Hi Anastasia,

I came across your ""6 outfit formulas for fall"" video and thought you’d enjoy trying our clean‑ingredient skincare and style kit. We’d like to invite you into Lumera’s ambassador program, providing a free product kit and a higher commission on sales generated through your personal code. It’s a simple way to add value for your followers while showcasing products that match your fashion focus.

Looking forward to hearing your thoughts.

Team Lumera","Hi Anastasia, saw your fall outfit formulas – interested in a free Lumera kit and commission code for your followers?",75,19,GENERATED,1
Carmen Renee ,Not Found,Not Found,https://www.youtube.com/@carmenreneeblog,"affiliate campaign with a personal discount code, optionally UGC content",Collaboration idea for your capsule wardrobe & beauty content,"Hi Carmen,

I came across your recent video about resetting everything after a trip and thought it aligns well with Lumera’s clean‑ingredient skincare. We’d like to send you a free product kit and set up an affiliate partnership with a personal discount code for your followers, plus the option to create UGC content. Let me know if you’d be interested in discussing details.

Team Lumera","Hi Carmen, saw your reset‑after‑travel video – interested in a free Lumera kit and affiliate code for your followers? 😊",66,20,GENERATED,3
Mrs. Charity Umar Natural Hair Care,unveilingtheveilhair@gmail.com,Not Found,https://www.youtube.com/@mrscharityumar,"affiliate campaign with a personal discount code, optionally UGC content",Partner with Lumera for a Clean Skincare Affiliate Kit,"Hi Charity,

I came across your DIY Whipped Shea Butter video and thought you’d enjoy trying Lumera’s clean-ingredient skincare line. We’d love to send you a free product kit and set up a personal discount code so you can earn commission on any sales generated. You could also create a short UGC piece if it fits your routine. Let me know if you’d like to discuss details.

Team Lumera",Hi Charity! Saw your shea butter tutorial – interested in a free Lumera kit + affiliate code? 🌿,69,15,GENERATED,1
Nisha Sharma,Not Found,Not Found,https://www.youtube.com/@brush_and_crush,brand ambassador program with a free kit and a higher commission,Collaboration opportunity with Lumera,"Hi Nisha,

I came across your recent ""makeup finds for BRIDE TO BE"" video and thought you’d enjoy trying our clean-ingredient skincare and style products. We’d like to invite you to join Lumera’s brand ambassador program, which includes a free product kit and a higher commission on sales generated through your personal code. Let me know if you’d like more details.

Best,
Team Lumera","Hi Nisha, saw your bridal makeup video—interested in a free Lumera kit + commission? Let me know!",64,17,GENERATED,1
Zonni lifestyle ,Not Found,Not Found,https://www.youtube.com/@zonnilifestyle,"affiliate campaign with a personal discount code, optionally UGC content",Collaboration opportunity with Lumera,"Hi there,

I came across your “Best hair oil” video and thought a partnership could be a natural extension for your audience. Lumera would send you a free clean‑ingredient product kit and set up an affiliate link with a personal discount code, plus a commission on sales. We’re also open to any UGC you’d like to create. Let me know if you’d be interested in discussing details.

Team Lumera",Hi! We saw your “Best hair oil” video and can send a free Lumera kit plus a personal code for commissions. Interested?,70,22,GENERATED,1
Sofia Hair Health ,contact@theregrowthbp.com,Not Found,https://www.youtube.com/@sofiahairhealth,"affiliate campaign with a personal discount code, optionally UGC content",Collaboration opportunity with Lumera,"Hi Sofia,

I came across your recent “Your guide to BREAKAGE” video and thought you might be interested in trying Lumera’s clean‑ingredient skincare and style kit. We’d send you a free product kit and set up an affiliate partnership with a personal discount code, plus a commission on sales you generate. If that sounds good, let me know and we can discuss details.

Best,
Team Lumera","Hi Sofia, I noticed your “Your guide to BREAKAGE” video—could we send a free Lumera kit and set up a discount code affiliate?",67,24,GENERATED,2
Abhiraé ,abhiraemm@gmail.com,Not Found,https://www.youtube.com/@abhirae,"affiliate campaign with a personal discount code, optionally UGC content",Collaboration Opportunity with Lumera,"Hi Abhiraé,

I came across your recent video on eating your skincare and haircare for glowing skin and healthy hair. We think a clean‑ingredient kit from Lumera would complement the routine you showcase, and we’d like to send you a free product set. You could share a personal discount code with your followers and earn commission on sales, plus create any UGC you prefer. Let me know if you’re interested.

Team Lumera","Hi Abhiraé, saw your glow routine video – interested in a free Lumera kit and affiliate code for your followers?",73,19,GENERATED,1
glowwithnishita,gungun909800@gmail.com,Not Found,https://www.youtube.com/@glowwithnishita,brand ambassador program with a free kit and a higher commission,Collaboration Opportunity with Lumera,"Hi Nishita,

I noticed your recent Festive Rush series and thought you might enjoy trying Lumera’s clean-ingredient skincare. We’d like to invite you to join our brand ambassador program, sending you a free product kit and providing a personal code that earns you a higher commission on any sales. Let me know if you’d like more details. Thank you.

Team Lumera","Hi Nishita, saw your Festive Rush videos – interested in a free Lumera kit and commission code? Let me know!",61,19,GENERATED,1
Alodia Hair Care,Not Found,Not Found,https://www.youtube.com/@alodiahaircare,"affiliate campaign with a personal discount code, optionally UGC content",Collaboration opportunity with Lumera,"Hi there, I noticed your recent video ""Because Wash Day is MY Time"" and thought it aligns well with our clean‑ingredient skincare and style line. We’d like to send you a free product kit and set up an affiliate partnership, giving you a personal discount code and commission on sales. If you’re interested in creating some UGC or simply sharing the code with your followers, let me know and we can discuss details. Looking forward to hearing from you. Team Lumera","Hi! Saw your ""Because Wash Day is MY Time"" video – interested in a free kit + commission code partnership?",82,18,GENERATED,2
Trulykimberley,Not Found,Not Found,https://www.youtube.com/@trulykimberley,"affiliate campaign with a personal discount code, optionally UGC content",Collaboration opportunity with Lumera,"Hi Kimberley,

I came across your recent “My Hair Growth Routine” video and thought the focus on healthy hair would align well with Lumera’s clean‑ingredient skincare and style line. We’d like to send you a free product kit and set up an affiliate partnership, giving you a personal discount code and commission on sales. Would you be interested in creating some UGC and sharing the code with your followers?

Best, Team Lumera",Hi Kimberley! Noticed your “My Hair Growth Routine” video – interested in a free Lumera kit + affiliate code? 🌿,73,17,GENERATED,1
Latty_latlat,Not Found,Not Found,https://www.youtube.com/@lattylatlat,barter collaboration (free product in exchange for honest content),Collaboration idea after your Wash Day Hack video,"Hi Latty, I noticed your recent 'Wash Day Hack With Braids' video where you showcase protective styles and a biotin & collagen mask. We think a clean‑ingredient skincare and style kit from Lumera could complement your routine, and we'd like to send you a free product kit plus a personal code that earns you commission on any sales. Would you be open to trying the kit and sharing an honest review? Let me know. Team Lumera","Hi Latty, saw your Wash Day Hack with Braids—interested in a free Lumera kit and a code for commission? Let me know!",76,23,GENERATED,3
DreamGirls Hair,Not Found,Not Found,https://www.youtube.com/@dreamgirlshair,"affiliate campaign with a personal discount code, optionally UGC content",Partner with Lumera for a clean‑ingredient skin & style kit,"Hi there,

I came across your recent ""Flash fall sale weekend only!"" video and thought you might be interested in an affiliate partnership. We’d send you a free Lumera product kit and give you a personal discount code that earns you commission on sales. You could share the code with your audience and create optional UGC content that aligns with your beauty focus. Let me know if you’d like to discuss details.

Team Lumera","Hi! Noticed your ""Flash fall sale weekend only!"" video – interested in a free Lumera kit + commission code for your followers?",74,20,GENERATED,2
REAL HUB WITH JYOTI SINHA,realhubwithjyotisinha@gmail.com,Not Found,https://www.youtube.com/@realhubwithjyotisinha,"affiliate campaign with a personal discount code, optionally UGC content",Collaboration opportunity with Lumera,"Hi Jyoti, I came across your Part 5 video on your basic hair routine and noticed your focus on consistent changes. Lumera offers clean‑ingredient skincare and style products that could complement that approach. We’d like to send you a free product kit and provide a personal discount code that earns you commission on sales. If you’re interested in creating some UGC or a quick review, let me know. Looking forward to hearing from you. Team Lumera","Hey Jyoti, saw your Part 5 hair routine video – would you try Lumera’s clean kit and share a discount code?",77,20,GENERATED,2
Urvashi Singh,itsmeurvashi.work@gmail.com,Not Found,https://www.youtube.com/@itsmeurvashiii,"affiliate campaign with a personal discount code, optionally UGC content",Collaboration Opportunity with Lumera,"Hi Urvashi, I saw your recent “beauty empties declutter + restock haul haircare, bodycare & hygiene essentials” video and thought you’d enjoy trying Lumera’s clean‑ingredient skincare kit. We’d send you a free product kit and set up a personal discount code so you earn commission on any sales generated. If you’re interested in creating some UGC or a quick demo, let me know. Looking forward to hearing from you. Team Lumera","Hi Urvashi, noticed your “beauty empties declutter” haul – would you try a free Lumera kit and share a discount code? 😊",70,20,GENERATED,1
Healthyhabits,senapatitrishna@gmail.com,Not Found,https://www.youtube.com/@healthyhabits648,"affiliate campaign with a personal discount code, optionally UGC content",Collaboration idea with Lumera for your haircare fans,"Hi Trishna,

I came across your recent ""Rice water recipe for silky & shiny Hair"" video and thought you might enjoy trying Lumera's clean-ingredient skincare and style kit. We’d love to send you a free product kit and set up an affiliate partnership with a personal discount code, plus a commission on sales. If you’re interested in creating some UGC or sharing the code with your followers, let me know and we can discuss details.

Team Lumera",Hi Trishna! Interested in a free Lumera kit and affiliate code for your haircare audience? Let’s chat.,76,17,GENERATED,1
Mrs. Mississippi,Not Found,Not Found,https://www.youtube.com/@mrs.mississippi5035,"affiliate campaign with a personal discount code, optionally UGC content",Collaboration opportunity with Lumera,"Hi Mrs. Mississippi,

I came across your recent video on trimming knots to retain length and density and thought it aligns with our clean-ingredient approach. We’d like to send you a complimentary Lumera product kit and set up an affiliate partnership where you earn commission through a personal discount code, plus the option to create UGC content. Let me know if you’d like more details.

Team Lumera",Hi! Noticed your “How I Trim Knots to RETAIN LENGTH & DENSITY” video—interested in a free Lumera kit and affiliate code? 😊,67,21,GENERATED,2
MANSOOR KHAN,Not Found,Not Found,https://www.youtube.com/@hairyboy22,brand ambassador program with a free kit and a higher commission,Collaboration Opportunity with Lumera,"Hi Mansoor,

I came across your recent “Best Hair Growth Oil” video and thought you’d be interested in joining Lumera’s ambassador program. We’d send you a free clean‑ingredient product kit and provide a higher commission on sales generated through your personal code. We believe the kit aligns with your focus on hair growth and care. Let me know if you’d like more details or to discuss next steps.

Best,
Team Lumera","Hi Mansoor, saw your “Best Hair Growth Oil” video—interested in a free Lumera kit and commission as a brand ambassador?",72,21,GENERATED,1
Skin Care Routine ,Not Found,Not Found,https://www.youtube.com/@skincareroutine-h4s,"affiliate campaign with a personal discount code, optionally UGC content",Collaboration opportunity with Lumera,"Hi there,

I came across your “Coffee Face pack for glowing skin” video and thought the instant glow theme aligns well with Lumera’s clean‑ingredient skincare line. We’d like to send you a free product kit and set up an affiliate campaign with a personal discount code, plus a commission on sales. If you’re interested in creating some UGC and sharing the code with your followers, let me know.

Team Lumera",Hi! Noticed your coffee face pack video – would you try a free Lumera kit and share a discount code? 😊,71,19,GENERATED,1
KryolanOfficial,Not Found,Not Found,https://www.youtube.com/@kryolanofficial,"affiliate campaign with a personal discount code, optionally UGC content",Collaboration opportunity with Lumera,"Hi there,

We noticed your recent “Cream vs Powder Blush” tutorial and thought a clean‑ingredient skincare and style kit could complement your makeup content. Lumera would like to send you a free product kit and set up an affiliate partnership with a personal discount code, plus a commission on sales. If you’re interested, we can discuss details and optional UGC creation.

Best,
Team Lumera","Hi KryolanOfficial, we saw your “Cream vs Powder Blush” tutorial – interested in a free Lumera kit and affiliate code? Let’s chat!",65,21,GENERATED,2
Carmen Elaine,Not Found,Not Found,https://www.youtube.com/@carmenelaine,barter collaboration (free product in exchange for honest content),Collaboration idea for your minimalist lifestyle content,"Hi Carmen,

I noticed your recent video on transforming life without changing anything and your wardrobe decluttering journey. We’d like to send you a Lumera clean‑ingredient product kit and provide a personal code for commission on any sales you generate. In exchange, we’d appreciate an honest review or mention in your next lifestyle piece. Let me know if you’d be interested in trying the kit.

Team Lumera","Hi Carmen, saw your decluttering video – would you try a free Lumera kit and share an honest review with a commission code?",68,22,GENERATED,3
Jas Lené,Not Found,Not Found,https://www.youtube.com/@lenecares,"affiliate campaign with a personal discount code, optionally UGC content",Collaboration opportunity with Lumera,"Hi Jas,

I came across your recent “Scalp massages all day every day” video and thought you’d enjoy trying Lumera’s clean‑ingredient skincare and style kit. We’d love to send you a free product kit and set up an affiliate partnership with a personal discount code that earns you commission on sales, plus the option to create UGC content. Let me know if you’d like more details.

Best,
Team Lumera","Hi Jas, saw your “Scalp massages all day every day” video—interested in a free Lumera kit and affiliate code? Let me know!",70,23,GENERATED,1
Daisy Bopanna,Not Found,Not Found,https://www.youtube.com/@curiositywithdaisy,brand ambassador program with a free kit and a higher commission,Collaboration opportunity with Lumera,"Hi Daisy,
I noticed your recent video on ""The Truth About Sunscreen: Why You Need to Switch to These 7 Chemical-Free Options"" and thought you’d be interested in joining our brand ambassador program. We’d send you a free Lumera product kit and provide a higher commission on sales generated through your personal code. Would you be open to discussing how this could work for your followers?
Best,
Team Lumera","Hi Daisy, saw your sunscreen video – interested in a free kit and commission as a Lumera ambassador? Let’s chat!",69,19,GENERATED,1
Simone Humes ,Not Found,Not Found,https://www.youtube.com/@simoneshumes,"affiliate campaign with a personal discount code, optionally UGC content",Collaboration with Lumera – free kit and affiliate code,"Hi Simone,

We noticed your recent One Week Update Using Block Star Mousse video and thought you might enjoy trying Lumera’s clean-ingredient skincare line. We’d like to send you a free product kit and set up an affiliate partnership with a personal discount code for your followers, plus a commission on sales. Let us know if you’d like to discuss details.

Team Lumera","Hi Simone, saw your Block Star Mousse update! Interested in a free Lumera kit and a personal discount code for your followers? 😊",63,22,GENERATED,1
Haircafe,Not Found,Not Found,https://www.youtube.com/@haircafekevin,brand ambassador program with a free kit and a higher commission,Collaboration Opportunity with Lumera,"Hi there, I noticed your recent video comparing the Mediterranean diet and the Carnivore diet and your deep dive into hair loss treatments. We’re launching a brand ambassador program at Lumera and would like to send you a free product kit, plus a personal code that earns you commission on sales. If you’re interested in trying our clean‑ingredient skincare line and sharing it with your followers, let me know. Looking forward to hearing from you. Team Lumera","Hey Haircafe, saw your diet vs carnivore hair loss video—interested in a free Lumera kit and commission code? 🌟",78,19,GENERATED,1
Bhavna kashyap ,Not Found,Not Found,https://www.youtube.com/@hellobhavana,brand ambassador program with a free kit and a higher commission,Collaboration Opportunity with Lumera,"Hi Bhavna,

I noticed your recent video on “Stop Doing Guasha Wrong: The Best Face Massage Technique” and thought you’d enjoy trying our clean‑ingredient skincare line. We’d like to invite you to join our brand ambassador program, sending you a free product kit and offering a higher commission on sales through your personal code. Let me know if you’d like more details.

Team Lumera","Hi Bhavna, saw your face massage video – would you join Lumera’s ambassador program with a free kit and commission? Let me know!",65,22,GENERATED,1
