Influencer,Email,Message Generated,Sent,Date,Status,Error
Mansi Arya,aryamansi142@gmail.com,Yes,No,2026-10-03T04:10:09+00:00,SIMULATED,
Its me Jossuty,Not Found,Yes,No,,SKIPPED_NO_EMAIL,
Mahi Chaudhary ,aruchaudhary874@gmail.com,Yes,No,2026-10-03T04:10:09+00:00,SIMULATED,
GlambyOmoye,Not Found,Yes,No,,SKIPPED_NO_EMAIL,
Lavisha arora,Not Found,Yes,No,,SKIPPED_NO_EMAIL,
Kashish Jain,team@kashishjain.in,Yes,No,2026-10-03T04:10:09+00:00,SIMULATED,
Aanyaa,aanyaaa1111@gmail.com,Yes,No,2026-10-03T04:10:09+00:00,SIMULATED,
Makeup tutorial ,Not Found,Yes,No,,SKIPPED_NO_EMAIL,
PREETI GERA,Not Found,Yes,No,,SKIPPED_NO_EMAIL,
Notjustarushi,Not Found,Yes,No,,SKIPPED_NO_EMAIL,
Aastha Beauty Parlour Makeup Tutorial ,Not Found,Yes,No,,SKIPPED_NO_EMAIL,
Hannah Daniel,hannahdaniel.igyt@gmail.com,Yes,No,2026-10-03T04:10:09+00:00,SIMULATED,
Pranav,pranaavbusinessinfo@gmail.com,Yes,No,2026-10-03T04:10:09+00:00,SIMULATED,
Vijaya Haul Fashion's,Not Found,Yes,No,,SKIPPED_NO_EMAIL,
glam with ujala,businesswithujala@gmail.com,Yes,No,2026-10-03T04:10:09+00:00,SIMULATED,
Outfits Queen,Not Found,Yes,No,,SKIPPED_NO_EMAIL,
Style over 60,Not Found,Yes,No,,SKIPPED_NO_EMAIL,
Get Ready with Me,Not Found,Yes,No,,SKIPPED_NO_EMAIL,
Erica Ball Style,Not Found,Yes,No,,SKIPPED_NO_EMAIL,
Ellie Richards,Not Found,Yes,No,,SKIPPED_NO_EMAIL,
by maren,Not Found,Yes,No,,SKIPPED_NO_EMAIL,
Jessica Rose Williams,Not Found,Yes,No,,SKIPPED_NO_EMAIL,
Capsule Closet Stylist,Not Found,Yes,No,,SKIPPED_NO_EMAIL,
Shopping On Champagne,Not Found,Yes,No,,SKIPPED_NO_EMAIL,
Patricia Mycyk,Not Found,Yes,No,,SKIPPED_NO_EMAIL,
MaryStyles,Not Found,Yes,No,,SKIPPED_NO_EMAIL,
Style by Claire Lopez,Not Found,Yes,No,,SKIPPED_NO_EMAIL,
Chelsey Ceja,Not Found,Yes,No,,SKIPPED_NO_EMAIL,
Trueselfstylist by Nathalie Neuilly,hello@trueselfstylist.com,Yes,No,2026-10-03T04:10:09+00:00,SIMULATED,
Madeline Hegedus,madeline@madelinehegedus.com,Yes,No,2026-10-03T04:10:09+00:00,SIMULATED,
"Miko PS • Watches, Men’s Style & Satire",Not Found,Yes,No,,SKIPPED_NO_EMAIL,
Anastasia Gerrans,Not Found,Yes,No,,SKIPPED_NO_EMAIL,
Carmen Renee ,Not Found,Yes,No,,SKIPPED_NO_EMAIL,
Mrs. Charity Umar Natural Hair Care,unveilingtheveilhair@gmail.com,Yes,No,2026-10-03T04:10:09+00:00,SIMULATED,
Nisha Sharma,Not Found,Yes,No,,SKIPPED_NO_EMAIL,
Zonni lifestyle ,Not Found,Yes,No,,SKIPPED_NO_EMAIL,
Sofia Hair Health ,contact@theregrowthbp.com,Yes,No,2026-10-03T04:10:09+00:00,SIMULATED,
Abhiraé ,abhiraemm@gmail.com,Yes,No,2026-10-03T04:10:09+00:00,SIMULATED,
glowwithnishita,gungun909800@gmail.com,Yes,No,2026-10-03T04:10:09+00:00,SIMULATED,
Alodia Hair Care,Not Found,Yes,No,,SKIPPED_NO_EMAIL,
Trulykimberley,Not Found,Yes,No,,SKIPPED_NO_EMAIL,
Latty_latlat,Not Found,Yes,No,,SKIPPED_NO_EMAIL,
DreamGirls Hair,Not Found,Yes,No,,SKIPPED_NO_EMAIL,
REAL HUB WITH JYOTI SINHA,realhubwithjyotisinha@gmail.com,Yes,No,2026-10-03T04:10:09+00:00,SIMULATED,
Urvashi Singh,itsmeurvashi.work@gmail.com,Yes,No,2026-10-03T04:10:09+00:00,SIMULATED,
Healthyhabits,senapatitrishna@gmail.com,Yes,No,2026-10-03T04:10:09+00:00,SIMULATED,
Mrs. Mississippi,Not Found,Yes,No,,SKIPPED_NO_EMAIL,
MANSOOR KHAN,Not Found,Yes,No,,SKIPPED_NO_EMAIL,
Skin Care Routine ,Not Found,Yes,No,,SKIPPED_NO_EMAIL,
KryolanOfficial,Not Found,Yes,No,,SKIPPED_NO_EMAIL,
Carmen Elaine,Not Found,Yes,No,,SKIPPED_NO_EMAIL,
Jas Lené,Not Found,Yes,No,,SKIPPED_NO_EMAIL,
Daisy Bopanna,Not Found,Yes,No,,SKIPPED_NO_EMAIL,
Simone Humes ,Not Found,Yes,No,,SKIPPED_NO_EMAIL,
Haircafe,Not Found,Yes,No,,SKIPPED_NO_EMAIL,
Bhavna kashyap ,Not Found,Yes,No,,SKIPPED_NO_EMAIL,
